key,exists_in_location,category,priority,turns_to_expire,point_change_per_turn_if_inactive,point_change_per_turn_while_active,provides_scripted_permissions_on_spawn,can_be_looted_post_battle,inheritance_chance,can_be_traded_in_diplomacy,can_be_stolen,rarity,can_be_unequipped,can_be_transferred_if_equipped,cannot_reequip_until_next_round_if_unequipped,equipped_in_location,point_change_per_turn_while_equipped
3k_dlc04_ceo_career_historical_bao_dan,character_ceo_manager,3k_main_ceo_category_career,1,0,0,0,,FALSE,0,FALSE,FALSE,common,TRUE,FALSE,TRUE,character_equipment,0
3k_dlc04_ceo_career_historical_beigong_boyu,character_ceo_manager,3k_main_ceo_category_career,1,0,0,0,,FALSE,0,FALSE,FALSE,common,TRUE,FALSE,TRUE,character_equipment,0
3k_dlc04_ceo_career_historical_bi_lan,character_ceo_manager,3k_main_ceo_category_career,1,0,0,0,,FALSE,0,FALSE,FALSE,common,TRUE,FALSE,TRUE,character_equipment,0
3k_dlc04_ceo_career_historical_bian_zhang,character_ceo_manager,3k_main_ceo_category_career,1,0,0,0,,FALSE,0,FALSE,FALSE,common,TRUE,FALSE,TRUE,character_equipment,0
3k_dlc04_ceo_career_historical_bo_cai,character_ceo_manager,3k_main_ceo_category_career,1,0,0,0,,FALSE,0,FALSE,FALSE,common,TRUE,FALSE,TRUE,character_equipment,0
3k_dlc04_ceo_career_historical_cai_yong_bojie,character_ceo_manager,3k_main_ceo_category_career,1,0,0,0,,FALSE,0,FALSE,FALSE,common,TRUE,FALSE,TRUE,character_equipment,0
3k_dlc04_ceo_career_historical_cao_de,character_ceo_manager,3k_main_ceo_category_career,1,0,0,0,,FALSE,0,FALSE,FALSE,common,TRUE,FALSE,TRUE,character_equipment,0
3k_dlc04_ceo_career_historical_cao_song_jugao,character_ceo_manager,3k_main_ceo_category_career,1,0,0,0,,FALSE,0,FALSE,FALSE,common,TRUE,FALSE,TRUE,character_equipment,0
3k_dlc04_ceo_career_historical_chen_deng_yuanlong,character_ceo_manager,3k_main_ceo_category_career,1,0,0,0,,FALSE,0,FALSE,FALSE,common,TRUE,FALSE,TRUE,character_equipment,0
3k_dlc04_ceo_career_historical_chen_gui_hanyu,character_ceo_manager,3k_main_ceo_category_career,1,0,0,0,,FALSE,0,FALSE,FALSE,common,TRUE,FALSE,TRUE,character_equipment,0
3k_dlc04_ceo_career_historical_chen_su,character_ceo_manager,3k_main_ceo_category_career,1,0,0,0,,FALSE,0,FALSE,FALSE,common,TRUE,FALSE,TRUE,character_equipment,0
3k_dlc04_ceo_career_historical_cheng_qiu,character_ceo_manager,3k_main_ceo_category_career,1,0,0,0,,FALSE,0,FALSE,FALSE,common,TRUE,FALSE,TRUE,character_equipment,0
3k_dlc04_ceo_career_historical_diao_chan,character_ceo_manager,3k_main_ceo_category_career,1,0,0,0,,FALSE,0,FALSE,FALSE,common,TRUE,FALSE,TRUE,character_equipment,0
3k_dlc04_ceo_career_historical_ding_yuan_jianyang,character_ceo_manager,3k_main_ceo_category_career,1,0,0,0,,FALSE,0,FALSE,FALSE,common,TRUE,FALSE,TRUE,character_equipment,0
3k_dlc04_ceo_career_historical_dong_he_youzai,character_ceo_manager,3k_main_ceo_category_career,1,0,0,0,,FALSE,0,FALSE,FALSE,common,TRUE,FALSE,TRUE,character_equipment,0
3k_dlc04_ceo_career_historical_du_ji_bohou,character_ceo_manager,3k_main_ceo_category_career,1,0,0,0,,FALSE,0,FALSE,FALSE,common,TRUE,FALSE,TRUE,character_equipment,0
3k_dlc04_ceo_career_historical_duan_gui_ziyin,character_ceo_manager,3k_main_ceo_category_career,1,0,0,0,,FALSE,0,FALSE,FALSE,common,TRUE,FALSE,TRUE,character_equipment,0
3k_dlc04_ceo_career_historical_emperor_ling,character_ceo_manager,3k_main_ceo_category_career,1,0,0,0,,FALSE,0,FALSE,FALSE,common,FALSE,FALSE,TRUE,character_equipment,0
3k_dlc04_ceo_career_historical_emperor_shao,character_ceo_manager,3k_main_ceo_category_career,1,0,0,0,,FALSE,0,FALSE,FALSE,common,FALSE,FALSE,TRUE,character_equipment,0
3k_dlc04_ceo_career_historical_empress_he,character_ceo_manager,3k_main_ceo_category_career,1,0,0,0,,FALSE,0,FALSE,FALSE,common,TRUE,FALSE,TRUE,character_equipment,0
3k_dlc04_ceo_career_historical_feng_fang,character_ceo_manager,3k_main_ceo_category_career,1,0,0,0,,FALSE,0,FALSE,FALSE,common,TRUE,FALSE,TRUE,character_equipment,0
3k_dlc04_ceo_career_historical_fu_xie_nanrong,character_ceo_manager,3k_main_ceo_category_career,1,0,0,0,,FALSE,0,FALSE,FALSE,common,TRUE,FALSE,TRUE,character_equipment,0
3k_dlc04_ceo_career_historical_gao_wang,character_ceo_manager,3k_main_ceo_category_career,1,0,0,0,,FALSE,0,FALSE,FALSE,common,TRUE,FALSE,TRUE,character_equipment,0
3k_dlc04_ceo_career_historical_gao_you,character_ceo_manager,3k_main_ceo_category_career,1,0,0,0,,FALSE,0,FALSE,FALSE,common,TRUE,FALSE,TRUE,character_equipment,0
3k_dlc04_ceo_career_historical_guan_hai,character_ceo_manager,3k_main_ceo_category_career,1,0,0,0,,FALSE,0,FALSE,FALSE,common,TRUE,FALSE,TRUE,character_equipment,0
3k_dlc04_ceo_career_historical_guo_sheng,character_ceo_manager,3k_main_ceo_category_career,1,0,0,0,,FALSE,0,FALSE,FALSE,common,TRUE,FALSE,TRUE,character_equipment,0
3k_dlc04_ceo_career_historical_han_xian,character_ceo_manager,3k_main_ceo_category_career,1,0,0,0,,FALSE,0,FALSE,FALSE,common,TRUE,FALSE,TRUE,character_equipment,0
3k_dlc04_ceo_career_historical_he_jin,character_ceo_manager,3k_main_ceo_category_career,1,0,0,0,,FALSE,0,FALSE,FALSE,common,TRUE,FALSE,TRUE,character_equipment,0
3k_dlc04_ceo_career_historical_huangfu_song,character_ceo_manager,3k_main_ceo_category_career,1,0,0,0,,FALSE,0,FALSE,FALSE,common,TRUE,FALSE,TRUE,character_equipment,0
3k_dlc04_ceo_career_historical_jin_xuan_yuanji,character_ceo_manager,3k_main_ceo_category_career,1,0,0,0,,FALSE,0,FALSE,FALSE,common,TRUE,FALSE,TRUE,character_equipment,0
3k_dlc04_ceo_career_historical_jiu_dan,character_ceo_manager,3k_main_ceo_category_career,1,0,0,0,,FALSE,0,FALSE,FALSE,common,TRUE,FALSE,TRUE,character_equipment,0
3k_dlc04_ceo_career_historical_lady_cai_yan_wenji,character_ceo_manager,3k_main_ceo_category_career,1,0,0,0,,FALSE,0,FALSE,FALSE,common,TRUE,FALSE,TRUE,character_equipment,0
3k_dlc04_ceo_career_historical_lady_da_qiao,character_ceo_manager,3k_main_ceo_category_career,1,0,0,0,,FALSE,0,FALSE,FALSE,common,TRUE,FALSE,TRUE,character_equipment,0
3k_dlc04_ceo_career_historical_lady_wang_song,character_ceo_manager,3k_main_ceo_category_career,1,0,0,0,,FALSE,0,FALSE,FALSE,common,TRUE,FALSE,TRUE,character_equipment,0
3k_dlc04_ceo_career_historical_lady_xiao_qiao,character_ceo_manager,3k_main_ceo_category_career,1,0,0,0,,FALSE,0,FALSE,FALSE,common,TRUE,FALSE,TRUE,character_equipment,0
3k_dlc04_ceo_career_historical_li_wenhou,character_ceo_manager,3k_main_ceo_category_career,1,0,0,0,,FALSE,0,FALSE,FALSE,common,TRUE,FALSE,TRUE,character_equipment,0
3k_dlc04_ceo_career_historical_liu_chong,character_ceo_manager,3k_main_ceo_category_career,1,0,0,0,,FALSE,0,FALSE,FALSE,common,TRUE,FALSE,TRUE,character_equipment,0
3k_dlc04_ceo_career_historical_liu_hong_yuanzhuo,character_ceo_manager,3k_main_ceo_category_career,1,0,0,0,,FALSE,0,FALSE,FALSE,common,TRUE,FALSE,TRUE,character_equipment,0
3k_dlc04_ceo_career_historical_liu_pi,character_ceo_manager,3k_main_ceo_category_career,1,0,0,0,,FALSE,0,FALSE,FALSE,common,TRUE,FALSE,TRUE,character_equipment,0
3k_dlc04_ceo_career_historical_liu_xun_zitai,character_ceo_manager,3k_main_ceo_category_career,1,0,0,0,,FALSE,0,FALSE,FALSE,common,TRUE,FALSE,TRUE,character_equipment,0
3k_dlc04_ceo_career_historical_lu_boshe,character_ceo_manager,3k_main_ceo_category_career,1,0,0,0,,FALSE,0,FALSE,FALSE,common,TRUE,FALSE,TRUE,character_equipment,0
3k_dlc04_ceo_career_historical_lu_ji_gongji,character_ceo_manager,3k_main_ceo_category_career,1,0,0,0,,FALSE,0,FALSE,FALSE,common,TRUE,FALSE,TRUE,character_equipment,0
3k_dlc04_ceo_career_historical_lu_jun,character_ceo_manager,3k_main_ceo_category_career,1,0,0,0,,FALSE,0,FALSE,FALSE,common,TRUE,FALSE,TRUE,character_equipment,0
3k_dlc04_ceo_career_historical_lu_kang_jining,character_ceo_manager,3k_main_ceo_category_career,1,0,0,0,,FALSE,0,FALSE,FALSE,common,TRUE,FALSE,TRUE,character_equipment,0
3k_dlc04_ceo_career_historical_lu_yu_zijia,character_ceo_manager,3k_main_ceo_category_career,1,0,0,0,,FALSE,0,FALSE,FALSE,common,TRUE,FALSE,TRUE,character_equipment,0
3k_dlc04_ceo_career_historical_lu_zhi,character_ceo_manager,3k_main_ceo_category_career,1,0,0,0,,FALSE,0,FALSE,FALSE,common,TRUE,FALSE,TRUE,character_equipment,0
3k_dlc04_ceo_career_historical_luo_jun_xiaoyuan,character_ceo_manager,3k_main_ceo_category_career,1,0,0,0,,FALSE,0,FALSE,FALSE,common,TRUE,FALSE,TRUE,character_equipment,0
3k_dlc04_ceo_career_historical_luo_tong_gongxu,character_ceo_manager,3k_main_ceo_category_career,1,0,0,0,,FALSE,0,FALSE,FALSE,common,TRUE,FALSE,TRUE,character_equipment,0
3k_dlc04_ceo_career_historical_ma_midi_wengshu,character_ceo_manager,3k_main_ceo_category_career,1,0,0,0,,FALSE,0,FALSE,FALSE,common,TRUE,FALSE,TRUE,character_equipment,0
3k_dlc04_ceo_career_historical_ma_yuanyi,character_ceo_manager,3k_main_ceo_category_career,1,0,0,0,,FALSE,0,FALSE,FALSE,common,TRUE,FALSE,TRUE,character_equipment,0
3k_dlc04_ceo_career_historical_qiao_mao_yuanwei,character_ceo_manager,3k_main_ceo_category_career,1,0,0,0,,FALSE,0,FALSE,FALSE,common,TRUE,FALSE,TRUE,character_equipment,0
3k_dlc04_ceo_career_historical_qiao_xuan_gongzu,character_ceo_manager,3k_main_ceo_category_career,1,0,0,0,,FALSE,0,FALSE,FALSE,common,TRUE,FALSE,TRUE,character_equipment,0
3k_dlc04_ceo_career_historical_song_dian,character_ceo_manager,3k_main_ceo_category_career,1,0,0,0,,FALSE,0,FALSE,FALSE,common,TRUE,FALSE,TRUE,character_equipment,0
3k_dlc04_ceo_career_historical_song_jian,character_ceo_manager,3k_main_ceo_category_career,1,0,0,0,,FALSE,0,FALSE,FALSE,common,TRUE,FALSE,TRUE,character_equipment,0
3k_dlc04_ceo_career_historical_tang_zhou,character_ceo_manager,3k_main_ceo_category_career,1,0,0,0,,FALSE,0,FALSE,FALSE,common,TRUE,FALSE,TRUE,character_equipment,0
3k_dlc04_ceo_career_historical_wang_guo,character_ceo_manager,3k_main_ceo_category_career,1,0,0,0,,FALSE,0,FALSE,FALSE,common,TRUE,FALSE,TRUE,character_equipment,0
3k_dlc04_ceo_career_historical_wu_qiong_deyu,character_ceo_manager,3k_main_ceo_category_career,1,0,0,0,,FALSE,0,FALSE,FALSE,common,TRUE,FALSE,TRUE,character_equipment,0
3k_dlc04_ceo_career_historical_xia_yun,character_ceo_manager,3k_main_ceo_category_career,1,0,0,0,,FALSE,0,FALSE,FALSE,common,TRUE,FALSE,TRUE,character_equipment,0
3k_dlc04_ceo_career_historical_xue_zhou,character_ceo_manager,3k_main_ceo_category_career,1,0,0,0,,FALSE,0,FALSE,FALSE,common,TRUE,FALSE,TRUE,character_equipment,0
3k_dlc04_ceo_career_historical_xun_shuang_ciming,character_ceo_manager,3k_main_ceo_category_career,1,0,0,0,,FALSE,0,FALSE,FALSE,common,TRUE,FALSE,TRUE,character_equipment,0
3k_dlc04_ceo_career_historical_ying_qu_xiulian,character_ceo_manager,3k_main_ceo_category_career,1,0,0,0,,FALSE,0,FALSE,FALSE,common,TRUE,FALSE,TRUE,character_equipment,0
3k_dlc04_ceo_career_historical_ying_shao_zhongyuan,character_ceo_manager,3k_main_ceo_category_career,1,0,0,0,,FALSE,0,FALSE,FALSE,common,TRUE,FALSE,TRUE,character_equipment,0
3k_dlc04_ceo_career_historical_ying_yang_delian,character_ceo_manager,3k_main_ceo_category_career,1,0,0,0,,FALSE,0,FALSE,FALSE,common,TRUE,FALSE,TRUE,character_equipment,0
3k_dlc04_ceo_career_historical_yuan_yi_boye,character_ceo_manager,3k_main_ceo_category_career,1,0,0,0,,FALSE,0,FALSE,FALSE,common,TRUE,FALSE,TRUE,character_equipment,0
3k_dlc04_ceo_career_historical_zhang_bao,character_ceo_manager,3k_main_ceo_category_career,1,0,0,0,,FALSE,0,FALSE,FALSE,common,TRUE,FALSE,TRUE,character_equipment,0
3k_dlc04_ceo_career_historical_zhang_jue,character_ceo_manager,3k_main_ceo_category_career,1,0,0,0,,FALSE,0,FALSE,FALSE,common,TRUE,FALSE,TRUE,character_equipment,0
3k_dlc04_ceo_career_historical_zhang_liang,character_ceo_manager,3k_main_ceo_category_career,1,0,0,0,,FALSE,0,FALSE,FALSE,common,TRUE,FALSE,TRUE,character_equipment,0
3k_dlc04_ceo_career_historical_zhang_mancheng,character_ceo_manager,3k_main_ceo_category_career,1,0,0,0,,FALSE,0,FALSE,FALSE,common,TRUE,FALSE,TRUE,character_equipment,0
3k_dlc04_ceo_career_historical_zhang_rang,character_ceo_manager,3k_main_ceo_category_career,1,0,0,0,,FALSE,0,FALSE,FALSE,common,TRUE,FALSE,TRUE,character_equipment,0
3k_dlc04_ceo_career_historical_zhang_wen_boshen,character_ceo_manager,3k_main_ceo_category_career,1,0,0,0,,FALSE,0,FALSE,FALSE,common,TRUE,FALSE,TRUE,character_equipment,0
3k_dlc04_ceo_career_historical_zhao_hong,character_ceo_manager,3k_main_ceo_category_career,1,0,0,0,,FALSE,0,FALSE,FALSE,common,TRUE,FALSE,TRUE,character_equipment,0
3k_dlc04_ceo_career_historical_zhao_zhong,character_ceo_manager,3k_main_ceo_category_career,1,0,0,0,,FALSE,0,FALSE,FALSE,common,TRUE,FALSE,TRUE,character_equipment,0
3k_dlc04_ceo_career_historical_zhou_bi_zhongyuan,character_ceo_manager,3k_main_ceo_category_career,1,0,0,0,,FALSE,0,FALSE,FALSE,common,TRUE,FALSE,TRUE,character_equipment,0
3k_dlc04_ceo_career_historical_zhou_xin_daming,character_ceo_manager,3k_main_ceo_category_career,1,0,0,0,,FALSE,0,FALSE,FALSE,common,TRUE,FALSE,TRUE,character_equipment,0
3k_dlc04_ceo_career_historical_zong_yuan,character_ceo_manager,3k_main_ceo_category_career,1,0,0,0,,FALSE,0,FALSE,FALSE,common,TRUE,FALSE,TRUE,character_equipment,0
3k_dlc05_ceo_career_generated_assassin,character_ceo_manager,3k_main_ceo_category_career,1,0,0,0,,FALSE,0,FALSE,FALSE,common,TRUE,FALSE,TRUE,character_equipment,0
3k_dlc05_ceo_career_generated_avenger,character_ceo_manager,3k_main_ceo_category_career,1,0,0,0,,FALSE,0,FALSE,FALSE,common,TRUE,FALSE,TRUE,character_equipment,0
3k_dlc05_ceo_career_generated_bandit,character_ceo_manager,3k_main_ceo_category_career,1,0,0,0,,FALSE,0,FALSE,FALSE,common,TRUE,FALSE,TRUE,character_equipment,0
3k_dlc05_ceo_career_generated_brute,character_ceo_manager,3k_main_ceo_category_career,1,0,0,0,,FALSE,0,FALSE,FALSE,common,TRUE,FALSE,TRUE,character_equipment,0
3k_dlc05_ceo_career_generated_charlatan,character_ceo_manager,3k_main_ceo_category_career,1,0,0,0,,FALSE,0,FALSE,FALSE,common,TRUE,FALSE,TRUE,character_equipment,0
3k_dlc05_ceo_career_generated_demagogue,character_ceo_manager,3k_main_ceo_category_career,1,0,0,0,,FALSE,0,FALSE,FALSE,common,TRUE,FALSE,TRUE,character_equipment,0
3k_dlc05_ceo_career_generated_disgraced_noble,character_ceo_manager,3k_main_ceo_category_career,1,0,0,0,,FALSE,0,FALSE,FALSE,common,TRUE,FALSE,TRUE,character_equipment,0
3k_dlc05_ceo_career_generated_embezzler,character_ceo_manager,3k_main_ceo_category_career,1,0,0,0,,FALSE,0,FALSE,FALSE,common,TRUE,FALSE,TRUE,character_equipment,0
3k_dlc05_ceo_career_generated_enforcer,character_ceo_manager,3k_main_ceo_category_career,1,0,0,0,,FALSE,0,FALSE,FALSE,common,TRUE,FALSE,TRUE,character_equipment,0
3k_dlc05_ceo_career_generated_escaped_convict,character_ceo_manager,3k_main_ceo_category_career,1,0,0,0,,FALSE,0,FALSE,FALSE,common,TRUE,FALSE,TRUE,character_equipment,0
3k_dlc05_ceo_career_generated_fugitive_officer,character_ceo_manager,3k_main_ceo_category_career,1,0,0,0,,FALSE,0,FALSE,FALSE,common,TRUE,FALSE,TRUE,character_equipment,0
3k_dlc05_ceo_career_generated_hermit,character_ceo_manager,3k_main_ceo_category_career,1,0,0,0,,FALSE,0,FALSE,FALSE,common,TRUE,FALSE,TRUE,character_equipment,0
3k_dlc05_ceo_career_generated_magician,character_ceo_manager,3k_main_ceo_category_career,1,0,0,0,,FALSE,0,FALSE,FALSE,common,TRUE,FALSE,TRUE,character_equipment,0
3k_dlc05_ceo_career_generated_mastermind,character_ceo_manager,3k_main_ceo_category_career,1,0,0,0,,FALSE,0,FALSE,FALSE,common,TRUE,FALSE,TRUE,character_equipment,0
3k_dlc05_ceo_career_generated_murderer,character_ceo_manager,3k_main_ceo_category_career,1,0,0,0,,FALSE,0,FALSE,FALSE,common,TRUE,FALSE,TRUE,character_equipment,0
3k_dlc05_ceo_career_generated_pillager,character_ceo_manager,3k_main_ceo_category_career,1,0,0,0,,FALSE,0,FALSE,FALSE,common,TRUE,FALSE,TRUE,character_equipment,0
3k_dlc05_ceo_career_generated_poacher,character_ceo_manager,3k_main_ceo_category_career,1,0,0,0,,FALSE,0,FALSE,FALSE,common,TRUE,FALSE,TRUE,character_equipment,0
3k_dlc05_ceo_career_generated_ringleader,character_ceo_manager,3k_main_ceo_category_career,1,0,0,0,,FALSE,0,FALSE,FALSE,common,TRUE,FALSE,TRUE,character_equipment,0
3k_dlc05_ceo_career_generated_rogue,character_ceo_manager,3k_main_ceo_category_career,1,0,0,0,,FALSE,0,FALSE,FALSE,common,TRUE,FALSE,TRUE,character_equipment,0
3k_dlc05_ceo_career_generated_saboteur,character_ceo_manager,3k_main_ceo_category_career,1,0,0,0,,FALSE,0,FALSE,FALSE,common,TRUE,FALSE,TRUE,character_equipment,0
3k_dlc05_ceo_career_generated_thief,character_ceo_manager,3k_main_ceo_category_career,1,0,0,0,,FALSE,0,FALSE,FALSE,common,TRUE,FALSE,TRUE,character_equipment,0
3k_dlc05_ceo_career_generated_town_drunk,character_ceo_manager,3k_main_ceo_category_career,1,0,0,0,,FALSE,0,FALSE,FALSE,common,TRUE,FALSE,TRUE,character_equipment,0
3k_dlc05_ceo_career_generated_tribal_exile,character_ceo_manager,3k_main_ceo_category_career,1,0,0,0,,FALSE,0,FALSE,FALSE,common,TRUE,FALSE,TRUE,character_equipment,0
3k_dlc05_ceo_career_generated_trickster,character_ceo_manager,3k_main_ceo_category_career,1,0,0,0,,FALSE,0,FALSE,FALSE,common,TRUE,FALSE,TRUE,character_equipment,0
3k_dlc05_ceo_career_generated_wanderer,character_ceo_manager,3k_main_ceo_category_career,1,0,0,0,,FALSE,0,FALSE,FALSE,common,TRUE,FALSE,TRUE,character_equipment,0
3k_dlc05_ceo_career_historical_cao_xing,character_ceo_manager,3k_main_ceo_category_career,1,0,0,0,,FALSE,0,FALSE,FALSE,common,TRUE,FALSE,TRUE,character_equipment,0
3k_dlc05_ceo_career_historical_chen_ji,character_ceo_manager,3k_main_ceo_category_career,1,0,0,0,,FALSE,0,FALSE,FALSE,common,TRUE,FALSE,TRUE,character_equipment,0
3k_dlc05_ceo_career_historical_cheng_pu_elder,character_ceo_manager,3k_main_ceo_category_career,1,0,0,0,,FALSE,0,FALSE,FALSE,unique,TRUE,FALSE,TRUE,character_equipment,0
3k_dlc05_ceo_career_historical_cheng_yu,character_ceo_manager,3k_main_ceo_category_career,1,0,0,0,,FALSE,0,FALSE,FALSE,common,TRUE,FALSE,TRUE,character_equipment,0
3k_dlc05_ceo_career_historical_chunyu_qiong,character_ceo_manager,3k_main_ceo_category_career,1,0,0,0,,FALSE,0,FALSE,FALSE,common,TRUE,FALSE,TRUE,character_equipment,0
3k_dlc05_ceo_career_historical_diaochan,character_ceo_manager,3k_main_ceo_category_career,1,0,0,0,,FALSE,0,FALSE,FALSE,common,TRUE,FALSE,TRUE,character_equipment,0
3k_dlc05_ceo_career_historical_gao_shun,character_ceo_manager,3k_main_ceo_category_career,1,0,0,0,,FALSE,0,FALSE,FALSE,common,TRUE,FALSE,TRUE,character_equipment,0
3k_dlc05_ceo_career_historical_guo_si,character_ceo_manager,3k_main_ceo_category_career,1,0,0,0,,FALSE,0,FALSE,FALSE,common,TRUE,FALSE,TRUE,character_equipment,0
3k_dlc05_ceo_career_historical_guo_tu,character_ceo_manager,3k_main_ceo_category_career,1,0,0,0,,FALSE,0,FALSE,FALSE,common,TRUE,FALSE,TRUE,character_equipment,0
3k_dlc05_ceo_career_historical_han_dang,character_ceo_manager,3k_main_ceo_category_career,1,0,0,0,,FALSE,0,FALSE,FALSE,common,TRUE,FALSE,TRUE,character_equipment,0
3k_dlc05_ceo_career_historical_han_hao,character_ceo_manager,3k_main_ceo_category_career,1,0,0,0,,FALSE,0,FALSE,FALSE,common,TRUE,FALSE,TRUE,character_equipment,0
3k_dlc05_ceo_career_historical_hao_meng,character_ceo_manager,3k_main_ceo_category_career,1,0,0,0,,FALSE,0,FALSE,FALSE,common,TRUE,FALSE,TRUE,character_equipment,0
3k_dlc05_ceo_career_historical_hua_xin,character_ceo_manager,3k_main_ceo_category_career,1,0,0,0,,FALSE,0,FALSE,FALSE,common,TRUE,FALSE,TRUE,character_equipment,0
3k_dlc05_ceo_career_historical_ji_ling,character_ceo_manager,3k_main_ceo_category_career,1,0,0,0,,FALSE,0,FALSE,FALSE,common,TRUE,FALSE,TRUE,character_equipment,0
3k_dlc05_ceo_career_historical_ju_shou,character_ceo_manager,3k_main_ceo_category_career,1,0,0,0,,FALSE,0,FALSE,FALSE,common,TRUE,FALSE,TRUE,character_equipment,0
3k_dlc05_ceo_career_historical_lady_bian,character_ceo_manager,3k_main_ceo_category_career,1,0,0,0,,FALSE,0,FALSE,FALSE,common,TRUE,FALSE,TRUE,character_equipment,0
3k_dlc05_ceo_career_historical_lady_mi,character_ceo_manager,3k_main_ceo_category_career,1,0,0,0,,FALSE,0,FALSE,FALSE,common,TRUE,FALSE,TRUE,character_equipment,0
3k_dlc05_ceo_career_historical_li_jue,character_ceo_manager,3k_main_ceo_category_career,1,0,0,0,,FALSE,0,FALSE,FALSE,common,TRUE,FALSE,TRUE,character_equipment,0
3k_dlc05_ceo_career_historical_lou_gui,character_ceo_manager,3k_main_ceo_category_career,1,0,0,0,,FALSE,0,FALSE,FALSE,common,TRUE,FALSE,TRUE,character_equipment,0
3k_dlc05_ceo_career_historical_lu_lingqi,character_ceo_manager,3k_main_ceo_category_career,1,0,0,0,,FALSE,0,FALSE,FALSE,common,TRUE,FALSE,TRUE,character_equipment,0
3k_dlc05_ceo_career_historical_mao_jie,character_ceo_manager,3k_main_ceo_category_career,1,0,0,0,,FALSE,0,FALSE,FALSE,common,TRUE,FALSE,TRUE,character_equipment,0
3k_dlc05_ceo_career_historical_pang_ji,character_ceo_manager,3k_main_ceo_category_career,1,0,0,0,,FALSE,0,FALSE,FALSE,common,TRUE,FALSE,TRUE,character_equipment,0
3k_dlc05_ceo_career_historical_shen_pei,character_ceo_manager,3k_main_ceo_category_career,1,0,0,0,,FALSE,0,FALSE,FALSE,common,TRUE,FALSE,TRUE,character_equipment,0
3k_dlc05_ceo_career_historical_tian_feng,character_ceo_manager,3k_main_ceo_category_career,1,0,0,0,,FALSE,0,FALSE,FALSE,common,TRUE,FALSE,TRUE,character_equipment,0
3k_dlc05_ceo_career_historical_tian_kai,character_ceo_manager,3k_main_ceo_category_career,1,0,0,0,,FALSE,0,FALSE,FALSE,common,TRUE,FALSE,TRUE,character_equipment,0
3k_dlc05_ceo_career_historical_wu_jing,character_ceo_manager,3k_main_ceo_category_career,1,0,0,0,,FALSE,0,FALSE,FALSE,common,TRUE,FALSE,TRUE,character_equipment,0
3k_dlc05_ceo_career_historical_xu_shao,character_ceo_manager,3k_main_ceo_category_career,1,0,0,0,,FALSE,0,FALSE,FALSE,common,TRUE,FALSE,TRUE,character_equipment,0
3k_dlc05_ceo_career_historical_xu_shu_early,character_ceo_manager,3k_main_ceo_category_career,1,0,0,0,,FALSE,0,FALSE,FALSE,common,TRUE,FALSE,TRUE,character_equipment,0
3k_dlc05_ceo_career_historical_xu_you,character_ceo_manager,3k_main_ceo_category_career,1,0,0,0,,FALSE,0,FALSE,FALSE,common,TRUE,FALSE,TRUE,character_equipment,0
3k_dlc05_ceo_career_historical_xue_li,character_ceo_manager,3k_main_ceo_category_career,1,0,0,0,,FALSE,0,FALSE,FALSE,common,TRUE,FALSE,TRUE,character_equipment,0
3k_dlc05_ceo_career_historical_yang_feng,character_ceo_manager,3k_main_ceo_category_career,1,0,0,0,,FALSE,0,FALSE,FALSE,common,TRUE,FALSE,TRUE,character_equipment,0
3k_dlc05_ceo_career_historical_yang_hong,character_ceo_manager,3k_main_ceo_category_career,1,0,0,0,,FALSE,0,FALSE,FALSE,common,TRUE,FALSE,TRUE,character_equipment,0
3k_dlc05_ceo_career_historical_yu_fan,character_ceo_manager,3k_main_ceo_category_career,1,0,0,0,,FALSE,0,FALSE,FALSE,common,TRUE,FALSE,TRUE,character_equipment,0
3k_dlc05_ceo_career_historical_yuan_huan,character_ceo_manager,3k_main_ceo_category_career,1,0,0,0,,FALSE,0,FALSE,FALSE,common,TRUE,FALSE,TRUE,character_equipment,0
3k_dlc05_ceo_career_historical_yuan_tan,character_ceo_manager,3k_main_ceo_category_career,1,0,0,0,,FALSE,0,FALSE,FALSE,common,TRUE,FALSE,TRUE,character_equipment,0
3k_dlc05_ceo_career_historical_zang_ba,character_ceo_manager,3k_main_ceo_category_career,1,0,0,0,,FALSE,0,FALSE,FALSE,common,TRUE,FALSE,TRUE,character_equipment,0
3k_dlc05_ceo_career_historical_zao_zhi,character_ceo_manager,3k_main_ceo_category_career,1,0,0,0,,FALSE,0,FALSE,FALSE,common,TRUE,FALSE,TRUE,character_equipment,0
3k_dlc05_ceo_career_historical_ze_rong,character_ceo_manager,3k_main_ceo_category_career,1,0,0,0,,FALSE,0,FALSE,FALSE,common,TRUE,FALSE,TRUE,character_equipment,0
3k_dlc05_ceo_career_historical_zhang_fang,character_ceo_manager,3k_main_ceo_category_career,1,0,0,0,,FALSE,0,FALSE,FALSE,common,TRUE,FALSE,TRUE,character_equipment,0
3k_dlc05_ceo_career_historical_zhang_hong,character_ceo_manager,3k_main_ceo_category_career,1,0,0,0,,FALSE,0,FALSE,FALSE,common,TRUE,FALSE,TRUE,character_equipment,0
3k_dlc05_ceo_career_historical_zhang_miao,character_ceo_manager,3k_main_ceo_category_career,1,0,0,0,,FALSE,0,FALSE,FALSE,common,TRUE,FALSE,TRUE,character_equipment,0
3k_dlc05_ceo_career_historical_zhang_xiu,character_ceo_manager,3k_main_ceo_category_career,1,0,0,0,,FALSE,0,FALSE,FALSE,common,TRUE,FALSE,TRUE,character_equipment,0
3k_dlc05_ceo_career_historical_zhang_zhao,character_ceo_manager,3k_main_ceo_category_career,1,0,0,0,,FALSE,0,FALSE,FALSE,common,TRUE,FALSE,TRUE,character_equipment,0
3k_dlc05_ceo_career_historical_zhou_tai_scarred,character_ceo_manager,3k_main_ceo_category_career,1,0,0,0,,FALSE,0,FALSE,FALSE,unique,TRUE,FALSE,TRUE,character_equipment,0
3k_dlc06_ceo_career_generated_nanman_common_earth_01,character_ceo_manager,3k_main_ceo_category_career,1,0,0,0,,FALSE,0,FALSE,FALSE,common,TRUE,FALSE,TRUE,character_equipment,0
3k_dlc06_ceo_career_generated_nanman_common_earth_02,character_ceo_manager,3k_main_ceo_category_career,1,0,0,0,,FALSE,0,FALSE,FALSE,common,TRUE,FALSE,TRUE,character_equipment,0
3k_dlc06_ceo_career_generated_nanman_common_fire_01,character_ceo_manager,3k_main_ceo_category_career,1,0,0,0,,FALSE,0,FALSE,FALSE,common,TRUE,FALSE,TRUE,character_equipment,0
3k_dlc06_ceo_career_generated_nanman_common_fire_02,character_ceo_manager,3k_main_ceo_category_career,1,0,0,0,,FALSE,0,FALSE,FALSE,common,TRUE,FALSE,TRUE,character_equipment,0
3k_dlc06_ceo_career_generated_nanman_common_metal_01,character_ceo_manager,3k_main_ceo_category_career,1,0,0,0,,FALSE,0,FALSE,FALSE,common,TRUE,FALSE,TRUE,character_equipment,0
3k_dlc06_ceo_career_generated_nanman_common_metal_02,character_ceo_manager,3k_main_ceo_category_career,1,0,0,0,,FALSE,0,FALSE,FALSE,common,TRUE,FALSE,TRUE,character_equipment,0
3k_dlc06_ceo_career_generated_nanman_common_water_01,character_ceo_manager,3k_main_ceo_category_career,1,0,0,0,,FALSE,0,FALSE,FALSE,common,TRUE,FALSE,TRUE,character_equipment,0
3k_dlc06_ceo_career_generated_nanman_common_water_02,character_ceo_manager,3k_main_ceo_category_career,1,0,0,0,,FALSE,0,FALSE,FALSE,common,TRUE,FALSE,TRUE,character_equipment,0
3k_dlc06_ceo_career_generated_nanman_common_wood_01,character_ceo_manager,3k_main_ceo_category_career,1,0,0,0,,FALSE,0,FALSE,FALSE,common,TRUE,FALSE,TRUE,character_equipment,0
3k_dlc06_ceo_career_generated_nanman_common_wood_02,character_ceo_manager,3k_main_ceo_category_career,1,0,0,0,,FALSE,0,FALSE,FALSE,common,TRUE,FALSE,TRUE,character_equipment,0
3k_dlc06_ceo_career_generated_nanman_exceptional_earth,character_ceo_manager,3k_main_ceo_category_career,1,0,0,0,,FALSE,0,FALSE,FALSE,common,TRUE,FALSE,TRUE,character_equipment,0
3k_dlc06_ceo_career_generated_nanman_exceptional_fire,character_ceo_manager,3k_main_ceo_category_career,1,0,0,0,,FALSE,0,FALSE,FALSE,common,TRUE,FALSE,TRUE,character_equipment,0
3k_dlc06_ceo_career_generated_nanman_exceptional_metal,character_ceo_manager,3k_main_ceo_category_career,1,0,0,0,,FALSE,0,FALSE,FALSE,common,TRUE,FALSE,TRUE,character_equipment,0
3k_dlc06_ceo_career_generated_nanman_exceptional_water,character_ceo_manager,3k_main_ceo_category_career,1,0,0,0,,FALSE,0,FALSE,FALSE,common,TRUE,FALSE,TRUE,character_equipment,0
3k_dlc06_ceo_career_generated_nanman_exceptional_wood,character_ceo_manager,3k_main_ceo_category_career,1,0,0,0,,FALSE,0,FALSE,FALSE,common,TRUE,FALSE,TRUE,character_equipment,0
3k_dlc06_ceo_career_generated_nanman_rare_earth,character_ceo_manager,3k_main_ceo_category_career,1,0,0,0,,FALSE,0,FALSE,FALSE,common,TRUE,FALSE,TRUE,character_equipment,0
3k_dlc06_ceo_career_generated_nanman_rare_fire,character_ceo_manager,3k_main_ceo_category_career,1,0,0,0,,FALSE,0,FALSE,FALSE,common,TRUE,FALSE,TRUE,character_equipment,0
3k_dlc06_ceo_career_generated_nanman_rare_metal,character_ceo_manager,3k_main_ceo_category_career,1,0,0,0,,FALSE,0,FALSE,FALSE,common,TRUE,FALSE,TRUE,character_equipment,0
3k_dlc06_ceo_career_generated_nanman_rare_water,character_ceo_manager,3k_main_ceo_category_career,1,0,0,0,,FALSE,0,FALSE,FALSE,common,TRUE,FALSE,TRUE,character_equipment,0
3k_dlc06_ceo_career_generated_nanman_rare_wood,character_ceo_manager,3k_main_ceo_category_career,1,0,0,0,,FALSE,0,FALSE,FALSE,common,TRUE,FALSE,TRUE,character_equipment,0
3k_dlc06_ceo_career_historical_nanman_ahuinan,character_ceo_manager,3k_main_ceo_category_career,1,0,0,0,,FALSE,0,FALSE,FALSE,common,TRUE,FALSE,TRUE,character_equipment,0
3k_dlc06_ceo_career_historical_nanman_dailaidongzhu,character_ceo_manager,3k_main_ceo_category_career,1,0,0,0,,FALSE,0,FALSE,FALSE,common,TRUE,FALSE,TRUE,character_equipment,0
3k_dlc06_ceo_career_historical_nanman_dongtuna,character_ceo_manager,3k_main_ceo_category_career,1,0,0,0,,FALSE,0,FALSE,FALSE,common,TRUE,FALSE,TRUE,character_equipment,0
3k_dlc06_ceo_career_historical_nanman_jinhuansanjie,character_ceo_manager,3k_main_ceo_category_career,1,0,0,0,,FALSE,0,FALSE,FALSE,common,TRUE,FALSE,TRUE,character_equipment,0
3k_dlc06_ceo_career_historical_nanman_king_duosi,character_ceo_manager,3k_main_ceo_category_career,1,0,0,0,,FALSE,0,FALSE,FALSE,common,TRUE,FALSE,TRUE,character_equipment,0
3k_dlc06_ceo_career_historical_nanman_king_meng_huo,character_ceo_manager,3k_main_ceo_category_career,1,0,0,0,,FALSE,0,FALSE,FALSE,common,TRUE,FALSE,TRUE,character_equipment,0
3k_dlc06_ceo_career_historical_nanman_king_mulu,character_ceo_manager,3k_main_ceo_category_career,1,0,0,0,,FALSE,0,FALSE,FALSE,common,TRUE,FALSE,TRUE,character_equipment,0
3k_dlc06_ceo_career_historical_nanman_king_shamoke,character_ceo_manager,3k_main_ceo_category_career,1,0,0,0,,FALSE,0,FALSE,FALSE,common,TRUE,FALSE,TRUE,character_equipment,0
3k_dlc06_ceo_career_historical_nanman_king_wutugu,character_ceo_manager,3k_main_ceo_category_career,1,0,0,0,,FALSE,0,FALSE,FALSE,common,TRUE,FALSE,TRUE,character_equipment,0
3k_dlc06_ceo_career_historical_nanman_lady_zhurong,character_ceo_manager,3k_main_ceo_category_career,1,0,0,0,,FALSE,0,FALSE,FALSE,common,TRUE,FALSE,TRUE,character_equipment,0
3k_dlc06_ceo_career_historical_nanman_mangyachang,character_ceo_manager,3k_main_ceo_category_career,1,0,0,0,,FALSE,0,FALSE,FALSE,common,TRUE,FALSE,TRUE,character_equipment,0
3k_dlc06_ceo_career_historical_nanman_meng_jie,character_ceo_manager,3k_main_ceo_category_career,1,0,0,0,,FALSE,0,FALSE,FALSE,common,TRUE,FALSE,TRUE,character_equipment,0
3k_dlc06_ceo_career_historical_nanman_meng_you,character_ceo_manager,3k_main_ceo_category_career,1,0,0,0,,FALSE,0,FALSE,FALSE,common,TRUE,FALSE,TRUE,character_equipment,0
3k_dlc06_ceo_career_historical_nanman_tu_an,character_ceo_manager,3k_main_ceo_category_career,1,0,0,0,,FALSE,0,FALSE,FALSE,common,TRUE,FALSE,TRUE,character_equipment,0
3k_dlc06_ceo_career_historical_nanman_xi_ni,character_ceo_manager,3k_main_ceo_category_career,1,0,0,0,,FALSE,0,FALSE,FALSE,common,TRUE,FALSE,TRUE,character_equipment,0
3k_dlc06_ceo_career_historical_nanman_yang_feng,character_ceo_manager,3k_main_ceo_category_career,1,0,0,0,,FALSE,0,FALSE,FALSE,common,TRUE,FALSE,TRUE,character_equipment,0
3k_dlc06_ceo_career_historical_shi_hui,character_ceo_manager,3k_main_ceo_category_career,1,0,0,0,,FALSE,0,FALSE,FALSE,common,TRUE,FALSE,TRUE,character_equipment,0
3k_dlc06_ceo_career_historical_shi_kuang,character_ceo_manager,3k_main_ceo_category_career,1,0,0,0,,FALSE,0,FALSE,FALSE,common,TRUE,FALSE,TRUE,character_equipment,0
3k_dlc06_ceo_career_historical_shi_wei,character_ceo_manager,3k_main_ceo_category_career,1,0,0,0,,FALSE,0,FALSE,FALSE,common,TRUE,FALSE,TRUE,character_equipment,0
3k_dlc06_ceo_career_historical_shi_xin,character_ceo_manager,3k_main_ceo_category_career,1,0,0,0,,FALSE,0,FALSE,FALSE,common,TRUE,FALSE,TRUE,character_equipment,0
3k_dlc06_ceo_career_historical_shi_zhi,character_ceo_manager,3k_main_ceo_category_career,1,0,0,0,,FALSE,0,FALSE,FALSE,common,TRUE,FALSE,TRUE,character_equipment,0
3k_main_ceo_career_generated_agent_earth,character_ceo_manager,3k_main_ceo_category_career,1,0,0,0,,FALSE,0,FALSE,FALSE,common,TRUE,FALSE,TRUE,character_equipment,0
3k_main_ceo_career_generated_agent_fire,character_ceo_manager,3k_main_ceo_category_career,1,0,0,0,,FALSE,0,FALSE,FALSE,common,TRUE,FALSE,TRUE,character_equipment,0
3k_main_ceo_career_generated_agent_metal,character_ceo_manager,3k_main_ceo_category_career,1,0,0,0,,FALSE,0,FALSE,FALSE,common,TRUE,FALSE,TRUE,character_equipment,0
3k_main_ceo_career_generated_agent_water,character_ceo_manager,3k_main_ceo_category_career,1,0,0,0,,FALSE,0,FALSE,FALSE,common,TRUE,FALSE,TRUE,character_equipment,0
3k_main_ceo_career_generated_agent_wood,character_ceo_manager,3k_main_ceo_category_career,1,0,0,0,,FALSE,0,FALSE,FALSE,common,TRUE,FALSE,TRUE,character_equipment,0
3k_main_ceo_career_generated_envoy_earth,character_ceo_manager,3k_main_ceo_category_career,1,0,0,0,,FALSE,0,FALSE,FALSE,common,TRUE,FALSE,TRUE,character_equipment,0
3k_main_ceo_career_generated_envoy_fire,character_ceo_manager,3k_main_ceo_category_career,1,0,0,0,,FALSE,0,FALSE,FALSE,common,TRUE,FALSE,TRUE,character_equipment,0
3k_main_ceo_career_generated_envoy_metal,character_ceo_manager,3k_main_ceo_category_career,1,0,0,0,,FALSE,0,FALSE,FALSE,common,TRUE,FALSE,TRUE,character_equipment,0
3k_main_ceo_career_generated_envoy_water,character_ceo_manager,3k_main_ceo_category_career,1,0,0,0,,FALSE,0,FALSE,FALSE,common,TRUE,FALSE,TRUE,character_equipment,0
3k_main_ceo_career_generated_envoy_wood,character_ceo_manager,3k_main_ceo_category_career,1,0,0,0,,FALSE,0,FALSE,FALSE,common,TRUE,FALSE,TRUE,character_equipment,0
3k_main_ceo_career_generated_general_earth,character_ceo_manager,3k_main_ceo_category_career,1,0,0,0,,FALSE,0,FALSE,FALSE,common,TRUE,FALSE,TRUE,character_equipment,0
3k_main_ceo_career_generated_general_fire,character_ceo_manager,3k_main_ceo_category_career,1,0,0,0,,FALSE,0,FALSE,FALSE,common,TRUE,FALSE,TRUE,character_equipment,0
3k_main_ceo_career_generated_general_metal,character_ceo_manager,3k_main_ceo_category_career,1,0,0,0,,FALSE,0,FALSE,FALSE,common,TRUE,FALSE,TRUE,character_equipment,0
3k_main_ceo_career_generated_general_water,character_ceo_manager,3k_main_ceo_category_career,1,0,0,0,,FALSE,0,FALSE,FALSE,common,TRUE,FALSE,TRUE,character_equipment,0
3k_main_ceo_career_generated_general_wood,character_ceo_manager,3k_main_ceo_category_career,1,0,0,0,,FALSE,0,FALSE,FALSE,common,TRUE,FALSE,TRUE,character_equipment,0
3k_main_ceo_career_generated_governor_earth,character_ceo_manager,3k_main_ceo_category_career,1,0,0,0,,FALSE,0,FALSE,FALSE,common,TRUE,FALSE,TRUE,character_equipment,0
3k_main_ceo_career_generated_governor_fire,character_ceo_manager,3k_main_ceo_category_career,1,0,0,0,,FALSE,0,FALSE,FALSE,common,TRUE,FALSE,TRUE,character_equipment,0
3k_main_ceo_career_generated_governor_metal,character_ceo_manager,3k_main_ceo_category_career,1,0,0,0,,FALSE,0,FALSE,FALSE,common,TRUE,FALSE,TRUE,character_equipment,0
3k_main_ceo_career_generated_governor_water,character_ceo_manager,3k_main_ceo_category_career,1,0,0,0,,FALSE,0,FALSE,FALSE,common,TRUE,FALSE,TRUE,character_equipment,0
3k_main_ceo_career_generated_governor_wood,character_ceo_manager,3k_main_ceo_category_career,1,0,0,0,,FALSE,0,FALSE,FALSE,common,TRUE,FALSE,TRUE,character_equipment,0
3k_main_ceo_career_generated_minister_earth,character_ceo_manager,3k_main_ceo_category_career,1,0,0,0,,FALSE,0,FALSE,FALSE,common,TRUE,FALSE,TRUE,character_equipment,0
3k_main_ceo_career_generated_minister_fire,character_ceo_manager,3k_main_ceo_category_career,1,0,0,0,,FALSE,0,FALSE,FALSE,common,TRUE,FALSE,TRUE,character_equipment,0
3k_main_ceo_career_generated_minister_metal,character_ceo_manager,3k_main_ceo_category_career,1,0,0,0,,FALSE,0,FALSE,FALSE,common,TRUE,FALSE,TRUE,character_equipment,0
3k_main_ceo_career_generated_minister_water,character_ceo_manager,3k_main_ceo_category_career,1,0,0,0,,FALSE,0,FALSE,FALSE,common,TRUE,FALSE,TRUE,character_equipment,0
3k_main_ceo_career_generated_minister_wood,character_ceo_manager,3k_main_ceo_category_career,1,0,0,0,,FALSE,0,FALSE,FALSE,common,TRUE,FALSE,TRUE,character_equipment,0
3k_main_ceo_career_generated_villager_earth,character_ceo_manager,3k_main_ceo_category_career,1,0,0,0,,FALSE,0,FALSE,FALSE,common,TRUE,FALSE,TRUE,character_equipment,0
3k_main_ceo_career_generated_villager_fire,character_ceo_manager,3k_main_ceo_category_career,1,0,0,0,,FALSE,0,FALSE,FALSE,common,TRUE,FALSE,TRUE,character_equipment,0
3k_main_ceo_career_generated_villager_metal,character_ceo_manager,3k_main_ceo_category_career,1,0,0,0,,FALSE,0,FALSE,FALSE,common,TRUE,FALSE,TRUE,character_equipment,0
3k_main_ceo_career_generated_villager_water,character_ceo_manager,3k_main_ceo_category_career,1,0,0,0,,FALSE,0,FALSE,FALSE,common,TRUE,FALSE,TRUE,character_equipment,0
3k_main_ceo_career_generated_villager_wood,character_ceo_manager,3k_main_ceo_category_career,1,0,0,0,,FALSE,0,FALSE,FALSE,common,TRUE,FALSE,TRUE,character_equipment,0
3k_main_ceo_career_historical_cai_mao,character_ceo_manager,3k_main_ceo_category_career,1,0,0,0,,FALSE,0,FALSE,FALSE,common,TRUE,FALSE,TRUE,character_equipment,0
3k_main_ceo_career_historical_cao_ang,character_ceo_manager,3k_main_ceo_category_career,1,0,0,0,,FALSE,0,FALSE,FALSE,common,TRUE,FALSE,TRUE,character_equipment,0
3k_main_ceo_career_historical_cao_cao,character_ceo_manager,3k_main_ceo_category_career,1,0,0,0,,FALSE,0,FALSE,FALSE,common,TRUE,FALSE,TRUE,character_equipment,0
3k_main_ceo_career_historical_cao_pi,character_ceo_manager,3k_main_ceo_category_career,1,0,0,0,,FALSE,0,FALSE,FALSE,common,TRUE,FALSE,TRUE,character_equipment,0
3k_main_ceo_career_historical_cao_ren,character_ceo_manager,3k_main_ceo_category_career,1,0,0,0,,FALSE,0,FALSE,FALSE,common,TRUE,FALSE,TRUE,character_equipment,0
3k_main_ceo_career_historical_chen_gong,character_ceo_manager,3k_main_ceo_category_career,1,0,0,0,,FALSE,0,FALSE,FALSE,common,TRUE,FALSE,TRUE,character_equipment,0
3k_main_ceo_career_historical_cheng_pu,character_ceo_manager,3k_main_ceo_category_career,1,0,0,0,,FALSE,0,FALSE,FALSE,common,TRUE,FALSE,TRUE,character_equipment,0
3k_main_ceo_career_historical_dian_wei,character_ceo_manager,3k_main_ceo_category_career,1,0,0,0,,FALSE,0,FALSE,FALSE,common,TRUE,FALSE,TRUE,character_equipment,0
3k_main_ceo_career_historical_dong_zhuo,character_ceo_manager,3k_main_ceo_category_career,1,0,0,0,,FALSE,0,FALSE,FALSE,common,TRUE,FALSE,TRUE,character_equipment,0
3k_main_ceo_career_historical_fa_zheng,character_ceo_manager,3k_main_ceo_category_career,1,0,0,0,,FALSE,0,FALSE,FALSE,common,TRUE,FALSE,TRUE,character_equipment,0
3k_main_ceo_career_historical_gan_ning,character_ceo_manager,3k_main_ceo_category_career,1,0,0,0,,FALSE,0,FALSE,FALSE,common,TRUE,FALSE,TRUE,character_equipment,0
3k_main_ceo_career_historical_gao_dai,character_ceo_manager,3k_main_ceo_category_career,1,0,0,0,,FALSE,0,FALSE,FALSE,common,TRUE,FALSE,TRUE,character_equipment,0
3k_main_ceo_career_historical_gao_gan,character_ceo_manager,3k_main_ceo_category_career,1,0,0,0,,FALSE,0,FALSE,FALSE,common,TRUE,FALSE,TRUE,character_equipment,0
3k_main_ceo_career_historical_gongsun_du,character_ceo_manager,3k_main_ceo_category_career,1,0,0,0,,FALSE,0,FALSE,FALSE,common,TRUE,FALSE,TRUE,character_equipment,0
3k_main_ceo_career_historical_gongsun_xu,character_ceo_manager,3k_main_ceo_category_career,1,0,0,0,,FALSE,0,FALSE,FALSE,common,TRUE,FALSE,TRUE,character_equipment,0
3k_main_ceo_career_historical_gongsun_zan,character_ceo_manager,3k_main_ceo_category_career,1,0,0,0,,FALSE,0,FALSE,FALSE,common,TRUE,FALSE,TRUE,character_equipment,0
3k_main_ceo_career_historical_guan_jing,character_ceo_manager,3k_main_ceo_category_career,1,0,0,0,,FALSE,0,FALSE,FALSE,common,TRUE,FALSE,TRUE,character_equipment,0
3k_main_ceo_career_historical_guan_yu,character_ceo_manager,3k_main_ceo_category_career,1,0,0,0,,FALSE,0,FALSE,FALSE,common,TRUE,FALSE,TRUE,character_equipment,0
3k_main_ceo_career_historical_guo_jia,character_ceo_manager,3k_main_ceo_category_career,1,0,0,0,,FALSE,0,FALSE,FALSE,common,TRUE,FALSE,TRUE,character_equipment,0
3k_main_ceo_career_historical_han_fu,character_ceo_manager,3k_main_ceo_category_career,1,0,0,0,,FALSE,0,FALSE,FALSE,common,TRUE,FALSE,TRUE,character_equipment,0
3k_main_ceo_career_historical_han_sui,character_ceo_manager,3k_main_ceo_category_career,1,0,0,0,,FALSE,0,FALSE,FALSE,common,TRUE,FALSE,TRUE,character_equipment,0
3k_main_ceo_career_historical_hua_xiong,character_ceo_manager,3k_main_ceo_category_career,1,0,0,0,,FALSE,0,FALSE,FALSE,common,TRUE,FALSE,TRUE,character_equipment,0
3k_main_ceo_career_historical_huang_gai,character_ceo_manager,3k_main_ceo_category_career,1,0,0,0,,FALSE,0,FALSE,FALSE,common,TRUE,FALSE,TRUE,character_equipment,0
3k_main_ceo_career_historical_huang_zhong,character_ceo_manager,3k_main_ceo_category_career,1,0,0,0,,FALSE,0,FALSE,FALSE,common,TRUE,FALSE,TRUE,character_equipment,0
3k_main_ceo_career_historical_huang_zu,character_ceo_manager,3k_main_ceo_category_career,1,0,0,0,,FALSE,0,FALSE,FALSE,common,TRUE,FALSE,TRUE,character_equipment,0
3k_main_ceo_career_historical_huangfu_song,character_ceo_manager,3k_main_ceo_category_career,1,0,0,0,,FALSE,0,FALSE,FALSE,common,TRUE,FALSE,TRUE,character_equipment,0
3k_main_ceo_career_historical_jia_long,character_ceo_manager,3k_main_ceo_category_career,1,0,0,0,,FALSE,0,FALSE,FALSE,common,TRUE,FALSE,TRUE,character_equipment,0
3k_main_ceo_career_historical_jia_xu,character_ceo_manager,3k_main_ceo_category_career,1,0,0,0,,FALSE,0,FALSE,FALSE,common,TRUE,FALSE,TRUE,character_equipment,0
3k_main_ceo_career_historical_jiang_wei,character_ceo_manager,3k_main_ceo_category_career,1,0,0,0,,FALSE,0,FALSE,FALSE,common,TRUE,FALSE,TRUE,character_equipment,0
3k_main_ceo_career_historical_kong_rong,character_ceo_manager,3k_main_ceo_category_career,1,0,0,0,,FALSE,0,FALSE,FALSE,common,TRUE,FALSE,TRUE,character_equipment,0
3k_main_ceo_career_historical_kong_zhou,character_ceo_manager,3k_main_ceo_category_career,1,0,0,0,,FALSE,0,FALSE,FALSE,common,TRUE,FALSE,TRUE,character_equipment,0
3k_main_ceo_career_historical_lady_sun,character_ceo_manager,3k_main_ceo_category_career,1,0,0,0,,FALSE,0,FALSE,FALSE,common,TRUE,FALSE,TRUE,character_equipment,0
3k_main_ceo_career_historical_lady_zhen,character_ceo_manager,3k_main_ceo_category_career,1,0,0,0,,FALSE,0,FALSE,FALSE,common,TRUE,FALSE,TRUE,character_equipment,0
3k_main_ceo_career_historical_li_ru,character_ceo_manager,3k_main_ceo_category_career,1,0,0,0,,FALSE,0,FALSE,FALSE,common,TRUE,FALSE,TRUE,character_equipment,0
3k_main_ceo_career_historical_ling_tong,character_ceo_manager,3k_main_ceo_category_career,1,0,0,0,,FALSE,0,FALSE,FALSE,common,TRUE,FALSE,TRUE,character_equipment,0
3k_main_ceo_career_historical_liu_bei,character_ceo_manager,3k_main_ceo_category_career,1,0,0,0,,FALSE,0,FALSE,FALSE,common,TRUE,FALSE,TRUE,character_equipment,0
3k_main_ceo_career_historical_liu_biao,character_ceo_manager,3k_main_ceo_category_career,1,0,0,0,,FALSE,0,FALSE,FALSE,common,TRUE,FALSE,TRUE,character_equipment,0
3k_main_ceo_career_historical_liu_dai,character_ceo_manager,3k_main_ceo_category_career,1,0,0,0,,FALSE,0,FALSE,FALSE,common,TRUE,FALSE,TRUE,character_equipment,0
3k_main_ceo_career_historical_liu_xie,character_ceo_manager,3k_main_ceo_category_career,1,0,0,0,,FALSE,0,FALSE,FALSE,common,FALSE,FALSE,TRUE,character_equipment,0
3k_main_ceo_career_historical_liu_yan,character_ceo_manager,3k_main_ceo_category_career,1,0,0,0,,FALSE,0,FALSE,FALSE,common,TRUE,FALSE,TRUE,character_equipment,0
3k_main_ceo_career_historical_liu_yao,character_ceo_manager,3k_main_ceo_category_career,1,0,0,0,,FALSE,0,FALSE,FALSE,common,TRUE,FALSE,TRUE,character_equipment,0
3k_main_ceo_career_historical_liu_yu,character_ceo_manager,3k_main_ceo_category_career,1,0,0,0,,FALSE,0,FALSE,FALSE,common,TRUE,FALSE,TRUE,character_equipment,0
3k_main_ceo_career_historical_liu_zhang,character_ceo_manager,3k_main_ceo_category_career,1,0,0,0,,FALSE,0,FALSE,FALSE,common,TRUE,FALSE,TRUE,character_equipment,0
3k_main_ceo_career_historical_lu_bu,character_ceo_manager,3k_main_ceo_category_career,1,0,0,0,,FALSE,0,FALSE,FALSE,common,TRUE,FALSE,TRUE,character_equipment,0
3k_main_ceo_career_historical_lu_fan,character_ceo_manager,3k_main_ceo_category_career,1,0,0,0,,FALSE,0,FALSE,FALSE,common,TRUE,FALSE,TRUE,character_equipment,0
3k_main_ceo_career_historical_lu_meng,character_ceo_manager,3k_main_ceo_category_career,1,0,0,0,,FALSE,0,FALSE,FALSE,common,TRUE,FALSE,TRUE,character_equipment,0
3k_main_ceo_career_historical_lu_su,character_ceo_manager,3k_main_ceo_category_career,1,0,0,0,,FALSE,0,FALSE,FALSE,common,TRUE,FALSE,TRUE,character_equipment,0
3k_main_ceo_career_historical_lu_xun,character_ceo_manager,3k_main_ceo_category_career,1,0,0,0,,FALSE,0,FALSE,FALSE,common,TRUE,FALSE,TRUE,character_equipment,0
3k_main_ceo_career_historical_ma_chao,character_ceo_manager,3k_main_ceo_category_career,1,0,0,0,,FALSE,0,FALSE,FALSE,common,TRUE,FALSE,TRUE,character_equipment,0
3k_main_ceo_career_historical_ma_dai,character_ceo_manager,3k_main_ceo_category_career,1,0,0,0,,FALSE,0,FALSE,FALSE,common,TRUE,FALSE,TRUE,character_equipment,0
3k_main_ceo_career_historical_ma_teng,character_ceo_manager,3k_main_ceo_category_career,1,0,0,0,,FALSE,0,FALSE,FALSE,common,TRUE,FALSE,TRUE,character_equipment,0
3k_main_ceo_career_historical_mi_zhu,character_ceo_manager,3k_main_ceo_category_career,1,0,0,0,,FALSE,0,FALSE,FALSE,common,TRUE,FALSE,TRUE,character_equipment,0
3k_main_ceo_career_historical_pang_de,character_ceo_manager,3k_main_ceo_category_career,1,0,0,0,,FALSE,0,FALSE,FALSE,common,TRUE,FALSE,TRUE,character_equipment,0
3k_main_ceo_career_historical_pang_tong,character_ceo_manager,3k_main_ceo_category_career,1,0,0,0,,FALSE,0,FALSE,FALSE,common,TRUE,FALSE,TRUE,character_equipment,0
3k_main_ceo_career_historical_shi_huang,character_ceo_manager,3k_main_ceo_category_career,1,0,0,0,,FALSE,0,FALSE,FALSE,common,TRUE,FALSE,TRUE,character_equipment,0
3k_main_ceo_career_historical_shi_wu,character_ceo_manager,3k_main_ceo_category_career,1,0,0,0,,FALSE,0,FALSE,FALSE,common,TRUE,FALSE,TRUE,character_equipment,0
3k_main_ceo_career_historical_shi_xie,character_ceo_manager,3k_main_ceo_category_career,1,0,0,0,,FALSE,0,FALSE,FALSE,common,TRUE,FALSE,TRUE,character_equipment,0
3k_main_ceo_career_historical_shi_yi,character_ceo_manager,3k_main_ceo_category_career,1,0,0,0,,FALSE,0,FALSE,FALSE,common,TRUE,FALSE,TRUE,character_equipment,0
3k_main_ceo_career_historical_sima_yi,character_ceo_manager,3k_main_ceo_category_career,1,0,0,0,,FALSE,0,FALSE,FALSE,common,TRUE,FALSE,TRUE,character_equipment,0
3k_main_ceo_career_historical_sun_ce,character_ceo_manager,3k_main_ceo_category_career,1,0,0,0,,FALSE,0,FALSE,FALSE,common,TRUE,FALSE,TRUE,character_equipment,0
3k_main_ceo_career_historical_sun_jian,character_ceo_manager,3k_main_ceo_category_career,1,0,0,0,,FALSE,0,FALSE,FALSE,common,TRUE,FALSE,TRUE,character_equipment,0
3k_main_ceo_career_historical_sun_qian,character_ceo_manager,3k_main_ceo_category_career,1,0,0,0,,FALSE,0,FALSE,FALSE,common,TRUE,FALSE,TRUE,character_equipment,0
3k_main_ceo_career_historical_sun_quan,character_ceo_manager,3k_main_ceo_category_career,1,0,0,0,,FALSE,0,FALSE,FALSE,common,TRUE,FALSE,TRUE,character_equipment,0
3k_main_ceo_career_historical_taishi_ci,character_ceo_manager,3k_main_ceo_category_career,1,0,0,0,,FALSE,0,FALSE,FALSE,common,TRUE,FALSE,TRUE,character_equipment,0
3k_main_ceo_career_historical_tao_qian,character_ceo_manager,3k_main_ceo_category_career,1,0,0,0,,FALSE,0,FALSE,FALSE,common,TRUE,FALSE,TRUE,character_equipment,0
3k_main_ceo_career_historical_wang_lang,character_ceo_manager,3k_main_ceo_category_career,1,0,0,0,,FALSE,0,FALSE,FALSE,common,TRUE,FALSE,TRUE,character_equipment,0
3k_main_ceo_career_historical_wang_xiu,character_ceo_manager,3k_main_ceo_category_career,1,0,0,0,,FALSE,0,FALSE,FALSE,common,TRUE,FALSE,TRUE,character_equipment,0
3k_main_ceo_career_historical_wei_yan,character_ceo_manager,3k_main_ceo_category_career,1,0,0,0,,FALSE,0,FALSE,FALSE,common,TRUE,FALSE,TRUE,character_equipment,0
3k_main_ceo_career_historical_wen_chou,character_ceo_manager,3k_main_ceo_category_career,1,0,0,0,,FALSE,0,FALSE,FALSE,common,TRUE,FALSE,TRUE,character_equipment,0
3k_main_ceo_career_historical_wu_huan,character_ceo_manager,3k_main_ceo_category_career,1,0,0,0,,FALSE,0,FALSE,FALSE,common,TRUE,FALSE,TRUE,character_equipment,0
3k_main_ceo_career_historical_xiahou_dun,character_ceo_manager,3k_main_ceo_category_career,1,0,0,0,,FALSE,0,FALSE,FALSE,common,TRUE,FALSE,TRUE,character_equipment,0
3k_main_ceo_career_historical_xiahou_dun_blinded,character_ceo_manager,3k_main_ceo_category_career,1,0,0,0,,FALSE,0,FALSE,FALSE,common,TRUE,FALSE,TRUE,character_equipment,0
3k_main_ceo_career_historical_xiahou_yuan,character_ceo_manager,3k_main_ceo_category_career,1,0,0,0,,FALSE,0,FALSE,FALSE,common,TRUE,FALSE,TRUE,character_equipment,0
3k_main_ceo_career_historical_xu_chu,character_ceo_manager,3k_main_ceo_category_career,1,0,0,0,,FALSE,0,FALSE,FALSE,common,TRUE,FALSE,TRUE,character_equipment,0
3k_main_ceo_career_historical_xu_gong,character_ceo_manager,3k_main_ceo_category_career,1,0,0,0,,FALSE,0,FALSE,FALSE,common,TRUE,FALSE,TRUE,character_equipment,0
3k_main_ceo_career_historical_xu_huang,character_ceo_manager,3k_main_ceo_category_career,1,0,0,0,,FALSE,0,FALSE,FALSE,common,TRUE,FALSE,TRUE,character_equipment,0
3k_main_ceo_career_historical_xu_shu,character_ceo_manager,3k_main_ceo_category_career,1,0,0,0,,FALSE,0,FALSE,FALSE,common,TRUE,FALSE,TRUE,character_equipment,0
3k_main_ceo_career_historical_xu_zhao,character_ceo_manager,3k_main_ceo_category_career,1,0,0,0,,FALSE,0,FALSE,FALSE,common,TRUE,FALSE,TRUE,character_equipment,0
3k_main_ceo_career_historical_xun_you,character_ceo_manager,3k_main_ceo_category_career,1,0,0,0,,FALSE,0,FALSE,FALSE,common,TRUE,FALSE,TRUE,character_equipment,0
3k_main_ceo_career_historical_xun_yu,character_ceo_manager,3k_main_ceo_category_career,1,0,0,0,,FALSE,0,FALSE,FALSE,common,TRUE,FALSE,TRUE,character_equipment,0
3k_main_ceo_career_historical_yan_baihu,character_ceo_manager,3k_main_ceo_category_career,1,0,0,0,,FALSE,0,FALSE,FALSE,common,TRUE,FALSE,TRUE,character_equipment,0
3k_main_ceo_career_historical_yan_liang,character_ceo_manager,3k_main_ceo_category_career,1,0,0,0,,FALSE,0,FALSE,FALSE,common,TRUE,FALSE,TRUE,character_equipment,0
3k_main_ceo_career_historical_yan_yu,character_ceo_manager,3k_main_ceo_category_career,1,0,0,0,,FALSE,0,FALSE,FALSE,common,TRUE,FALSE,TRUE,character_equipment,0
3k_main_ceo_career_historical_yu_jin,character_ceo_manager,3k_main_ceo_category_career,1,0,0,0,,FALSE,0,FALSE,FALSE,common,TRUE,FALSE,TRUE,character_equipment,0
3k_main_ceo_career_historical_yuan_shang,character_ceo_manager,3k_main_ceo_category_career,1,0,0,0,,FALSE,0,FALSE,FALSE,common,TRUE,FALSE,TRUE,character_equipment,0
3k_main_ceo_career_historical_yuan_shao,character_ceo_manager,3k_main_ceo_category_career,1,0,0,0,,FALSE,0,FALSE,FALSE,common,TRUE,FALSE,TRUE,character_equipment,0
3k_main_ceo_career_historical_yuan_shu,character_ceo_manager,3k_main_ceo_category_career,1,0,0,0,,FALSE,0,FALSE,FALSE,common,TRUE,FALSE,TRUE,character_equipment,0
3k_main_ceo_career_historical_yue_jin,character_ceo_manager,3k_main_ceo_category_career,1,0,0,0,,FALSE,0,FALSE,FALSE,common,TRUE,FALSE,TRUE,character_equipment,0
3k_main_ceo_career_historical_zhang_chao,character_ceo_manager,3k_main_ceo_category_career,1,0,0,0,,FALSE,0,FALSE,FALSE,common,TRUE,FALSE,TRUE,character_equipment,0
3k_main_ceo_career_historical_zhang_fei,character_ceo_manager,3k_main_ceo_category_career,1,0,0,0,,FALSE,0,FALSE,FALSE,common,TRUE,FALSE,TRUE,character_equipment,0
3k_main_ceo_career_historical_zhang_he,character_ceo_manager,3k_main_ceo_category_career,1,0,0,0,,FALSE,0,FALSE,FALSE,common,TRUE,FALSE,TRUE,character_equipment,0
3k_main_ceo_career_historical_zhang_liao,character_ceo_manager,3k_main_ceo_category_career,1,0,0,0,,FALSE,0,FALSE,FALSE,common,TRUE,FALSE,TRUE,character_equipment,0
3k_main_ceo_career_historical_zhang_lu,character_ceo_manager,3k_main_ceo_category_career,1,0,0,0,,FALSE,0,FALSE,FALSE,common,TRUE,FALSE,TRUE,character_equipment,0
3k_main_ceo_career_historical_zhang_yan,character_ceo_manager,3k_main_ceo_category_career,1,0,0,0,,FALSE,0,FALSE,FALSE,common,TRUE,FALSE,TRUE,character_equipment,0
3k_main_ceo_career_historical_zhang_yang,character_ceo_manager,3k_main_ceo_category_career,1,0,0,0,,FALSE,0,FALSE,FALSE,common,TRUE,FALSE,TRUE,character_equipment,0
3k_main_ceo_career_historical_zhao_yun,character_ceo_manager,3k_main_ceo_category_career,1,0,0,0,,FALSE,0,FALSE,FALSE,common,TRUE,FALSE,TRUE,character_equipment,0
3k_main_ceo_career_historical_zheng_jiang,character_ceo_manager,3k_main_ceo_category_career,1,0,0,0,,FALSE,0,FALSE,FALSE,common,TRUE,FALSE,TRUE,character_equipment,0
3k_main_ceo_career_historical_zhou_tai,character_ceo_manager,3k_main_ceo_category_career,1,0,0,0,,FALSE,0,FALSE,FALSE,common,TRUE,FALSE,TRUE,character_equipment,0
3k_main_ceo_career_historical_zhou_yu,character_ceo_manager,3k_main_ceo_category_career,1,0,0,0,,FALSE,0,FALSE,FALSE,common,TRUE,FALSE,TRUE,character_equipment,0
3k_main_ceo_career_historical_zhu_fu,character_ceo_manager,3k_main_ceo_category_career,1,0,0,0,,FALSE,0,FALSE,FALSE,common,TRUE,FALSE,TRUE,character_equipment,0
3k_main_ceo_career_historical_zhuge_jin,character_ceo_manager,3k_main_ceo_category_career,1,0,0,0,,FALSE,0,FALSE,FALSE,common,TRUE,FALSE,TRUE,character_equipment,0
3k_main_ceo_career_historical_zhuge_liang,character_ceo_manager,3k_main_ceo_category_career,1,0,0,0,,FALSE,0,FALSE,FALSE,common,TRUE,FALSE,TRUE,character_equipment,0
3k_ytr_ceo_career_heaven_astrologer,character_ceo_manager,3k_main_ceo_category_career,1,0,0,0,,FALSE,0,FALSE,FALSE,common,FALSE,FALSE,TRUE,character_equipment,0
3k_ytr_ceo_career_heaven_monk,character_ceo_manager,3k_main_ceo_category_career,1,0,0,0,,FALSE,0,FALSE,FALSE,common,FALSE,FALSE,TRUE,character_equipment,0
3k_ytr_ceo_career_heaven_philosopher,character_ceo_manager,3k_main_ceo_category_career,1,0,0,0,,FALSE,0,FALSE,FALSE,common,FALSE,FALSE,TRUE,character_equipment,0
3k_ytr_ceo_career_heaven_sorcerer,character_ceo_manager,3k_main_ceo_category_career,1,0,0,0,,FALSE,0,FALSE,FALSE,common,FALSE,FALSE,TRUE,character_equipment,0
3k_ytr_ceo_career_heaven_writer,character_ceo_manager,3k_main_ceo_category_career,1,0,0,0,,FALSE,0,FALSE,FALSE,common,FALSE,FALSE,TRUE,character_equipment,0
3k_ytr_ceo_career_historical_gong_du,character_ceo_manager,3k_main_ceo_category_career,1,0,0,0,,FALSE,0,FALSE,FALSE,common,TRUE,FALSE,TRUE,character_equipment,0
3k_ytr_ceo_career_historical_he_man,character_ceo_manager,3k_main_ceo_category_career,1,0,0,0,,FALSE,0,FALSE,FALSE,common,TRUE,FALSE,TRUE,character_equipment,0
3k_ytr_ceo_career_historical_he_yi,character_ceo_manager,3k_main_ceo_category_career,1,0,0,0,,FALSE,0,FALSE,FALSE,common,TRUE,FALSE,TRUE,character_equipment,0
3k_ytr_ceo_career_historical_huang_shao,character_ceo_manager,3k_main_ceo_category_career,1,0,0,0,,FALSE,0,FALSE,FALSE,common,TRUE,FALSE,TRUE,character_equipment,0
3k_ytr_ceo_career_historical_pei_yuanshao,character_ceo_manager,3k_main_ceo_category_career,1,0,0,0,,FALSE,0,FALSE,FALSE,common,TRUE,FALSE,TRUE,character_equipment,0
3k_ytr_ceo_career_historical_zhang_kai,character_ceo_manager,3k_main_ceo_category_career,1,0,0,0,,FALSE,0,FALSE,FALSE,common,TRUE,FALSE,TRUE,character_equipment,0
3k_ytr_ceo_career_land_brewer,character_ceo_manager,3k_main_ceo_category_career,1,0,0,0,,FALSE,0,FALSE,FALSE,common,FALSE,FALSE,TRUE,character_equipment,0
3k_ytr_ceo_career_land_builder,character_ceo_manager,3k_main_ceo_category_career,1,0,0,0,,FALSE,0,FALSE,FALSE,common,FALSE,FALSE,TRUE,character_equipment,0
3k_ytr_ceo_career_land_farmer,character_ceo_manager,3k_main_ceo_category_career,1,0,0,0,,FALSE,0,FALSE,FALSE,common,FALSE,FALSE,TRUE,character_equipment,0
3k_ytr_ceo_career_land_jade_carver,character_ceo_manager,3k_main_ceo_category_career,1,0,0,0,,FALSE,0,FALSE,FALSE,common,FALSE,FALSE,TRUE,character_equipment,0
3k_ytr_ceo_career_land_potter,character_ceo_manager,3k_main_ceo_category_career,1,0,0,0,,FALSE,0,FALSE,FALSE,common,FALSE,FALSE,TRUE,character_equipment,0
3k_ytr_ceo_career_people_advisor,character_ceo_manager,3k_main_ceo_category_career,1,0,0,0,,FALSE,0,FALSE,FALSE,common,FALSE,FALSE,TRUE,character_equipment,0
3k_ytr_ceo_career_people_entertainer,character_ceo_manager,3k_main_ceo_category_career,1,0,0,0,,FALSE,0,FALSE,FALSE,common,FALSE,FALSE,TRUE,character_equipment,0
3k_ytr_ceo_career_people_fortune_teller,character_ceo_manager,3k_main_ceo_category_career,1,0,0,0,,FALSE,0,FALSE,FALSE,common,FALSE,FALSE,TRUE,character_equipment,0
3k_ytr_ceo_career_people_musician,character_ceo_manager,3k_main_ceo_category_career,1,0,0,0,,FALSE,0,FALSE,FALSE,common,FALSE,FALSE,TRUE,character_equipment,0
3k_ytr_ceo_career_people_physician,character_ceo_manager,3k_main_ceo_category_career,1,0,0,0,,FALSE,0,FALSE,FALSE,common,FALSE,FALSE,TRUE,character_equipment,0
ep_ceo_career_historical_cao_huan,character_ceo_manager,3k_main_ceo_category_career,1,0,0,0,,FALSE,0,FALSE,FALSE,common,TRUE,FALSE,TRUE,character_equipment,0
ep_ceo_career_historical_gongsun_hong,character_ceo_manager,3k_main_ceo_category_career,1,0,0,0,,FALSE,0,FALSE,FALSE,common,TRUE,FALSE,TRUE,character_equipment,0
ep_ceo_career_historical_he_lun,character_ceo_manager,3k_main_ceo_category_career,1,0,0,0,,FALSE,0,FALSE,FALSE,common,TRUE,FALSE,TRUE,character_equipment,0
ep_ceo_career_historical_huangfu_shang,character_ceo_manager,3k_main_ceo_category_career,1,0,0,0,,FALSE,0,FALSE,FALSE,common,TRUE,FALSE,TRUE,character_equipment,0
ep_ceo_career_historical_jia_mi,character_ceo_manager,3k_main_ceo_category_career,1,0,0,0,,FALSE,0,FALSE,FALSE,common,TRUE,FALSE,TRUE,character_equipment,0
ep_ceo_career_historical_jia_mo,character_ceo_manager,3k_main_ceo_category_career,1,0,0,0,,FALSE,0,FALSE,FALSE,common,TRUE,FALSE,TRUE,character_equipment,0
ep_ceo_career_historical_li_han,character_ceo_manager,3k_main_ceo_category_career,1,0,0,0,,FALSE,0,FALSE,FALSE,common,TRUE,FALSE,TRUE,character_equipment,0
ep_ceo_career_historical_liu_qi,character_ceo_manager,3k_main_ceo_category_career,1,0,0,0,,FALSE,0,FALSE,FALSE,common,TRUE,FALSE,TRUE,character_equipment,0
ep_ceo_career_historical_liu_shen,character_ceo_manager,3k_main_ceo_category_career,1,0,0,0,,FALSE,0,FALSE,FALSE,common,TRUE,FALSE,TRUE,character_equipment,0
ep_ceo_career_historical_lu_ji,character_ceo_manager,3k_main_ceo_category_career,1,0,0,0,,FALSE,0,FALSE,FALSE,common,TRUE,FALSE,TRUE,character_equipment,0
ep_ceo_career_historical_lu_zhi,character_ceo_manager,3k_main_ceo_category_career,1,0,0,0,,FALSE,0,FALSE,FALSE,common,TRUE,FALSE,TRUE,character_equipment,0
ep_ceo_career_historical_pei_wei,character_ceo_manager,3k_main_ceo_category_career,1,0,0,0,,FALSE,0,FALSE,FALSE,common,TRUE,FALSE,TRUE,character_equipment,0
ep_ceo_career_historical_princess_pei,character_ceo_manager,3k_main_ceo_category_career,1,0,0,0,,FALSE,0,FALSE,FALSE,common,TRUE,FALSE,TRUE,character_equipment,0
ep_ceo_career_historical_qi_sheng,character_ceo_manager,3k_main_ceo_category_career,1,0,0,0,,FALSE,0,FALSE,FALSE,common,TRUE,FALSE,TRUE,character_equipment,0
ep_ceo_career_historical_shi_chao,character_ceo_manager,3k_main_ceo_category_career,1,0,0,0,,FALSE,0,FALSE,FALSE,common,TRUE,FALSE,TRUE,character_equipment,0
ep_ceo_career_historical_sima_ai,character_ceo_manager,3k_main_ceo_category_career,1,0,0,0,,FALSE,0,FALSE,FALSE,common,TRUE,FALSE,TRUE,character_equipment,0
ep_ceo_career_historical_sima_cui,character_ceo_manager,3k_main_ceo_category_career,1,0,0,0,,FALSE,0,FALSE,FALSE,common,TRUE,FALSE,TRUE,character_equipment,0
ep_ceo_career_historical_sima_jiong,character_ceo_manager,3k_main_ceo_category_career,1,0,0,0,,FALSE,0,FALSE,FALSE,common,TRUE,FALSE,TRUE,character_equipment,0
ep_ceo_career_historical_sima_ju,character_ceo_manager,3k_main_ceo_category_career,1,0,0,0,,FALSE,0,FALSE,FALSE,common,TRUE,FALSE,TRUE,character_equipment,0
ep_ceo_career_historical_sima_liang,character_ceo_manager,3k_main_ceo_category_career,1,0,0,0,,FALSE,0,FALSE,FALSE,common,TRUE,FALSE,TRUE,character_equipment,0
ep_ceo_career_historical_sima_lun,character_ceo_manager,3k_main_ceo_category_career,1,0,0,0,,FALSE,0,FALSE,FALSE,common,TRUE,FALSE,TRUE,character_equipment,0
ep_ceo_career_historical_sima_song,character_ceo_manager,3k_main_ceo_category_career,1,0,0,0,,FALSE,0,FALSE,FALSE,common,TRUE,FALSE,TRUE,character_equipment,0
ep_ceo_career_historical_sima_wei,character_ceo_manager,3k_main_ceo_category_career,1,0,0,0,,FALSE,0,FALSE,FALSE,common,TRUE,FALSE,TRUE,character_equipment,0
ep_ceo_career_historical_sima_ying,character_ceo_manager,3k_main_ceo_category_career,1,0,0,0,,FALSE,0,FALSE,FALSE,common,TRUE,FALSE,TRUE,character_equipment,0
ep_ceo_career_historical_sima_yong,character_ceo_manager,3k_main_ceo_category_career,1,0,0,0,,FALSE,0,FALSE,FALSE,common,TRUE,FALSE,TRUE,character_equipment,0
ep_ceo_career_historical_sima_yu_earth,character_ceo_manager,3k_main_ceo_category_career,1,0,0,0,,FALSE,0,FALSE,FALSE,common,TRUE,FALSE,TRUE,character_equipment,0
ep_ceo_career_historical_sima_yu_metal,character_ceo_manager,3k_main_ceo_category_career,1,0,0,0,,FALSE,0,FALSE,FALSE,common,TRUE,FALSE,TRUE,character_equipment,0
ep_ceo_career_historical_sima_yue,character_ceo_manager,3k_main_ceo_category_career,1,0,0,0,,FALSE,0,FALSE,FALSE,common,TRUE,FALSE,TRUE,character_equipment,0
ep_ceo_career_historical_sun_xiu,character_ceo_manager,3k_main_ceo_category_career,1,0,0,0,,FALSE,0,FALSE,FALSE,common,TRUE,FALSE,TRUE,character_equipment,0
ep_ceo_career_historical_wang_bao,character_ceo_manager,3k_main_ceo_category_career,1,0,0,0,,FALSE,0,FALSE,FALSE,common,TRUE,FALSE,TRUE,character_equipment,0
ep_ceo_career_historical_wei_guan,character_ceo_manager,3k_main_ceo_category_career,1,0,0,0,,FALSE,0,FALSE,FALSE,common,TRUE,FALSE,TRUE,character_equipment,0
ep_ceo_career_historical_zhang_fang,character_ceo_manager,3k_main_ceo_category_career,1,0,0,0,,FALSE,0,FALSE,FALSE,common,TRUE,FALSE,TRUE,character_equipment,0
ep_ceo_career_historical_zhang_hua,character_ceo_manager,3k_main_ceo_category_career,1,0,0,0,,FALSE,0,FALSE,FALSE,common,TRUE,FALSE,TRUE,character_equipment,0
