CharId,title,description,Uniqueness,FamilyName,FirstName,CourtesyName
3k_dlc04_ceo_node_career_historical_bao_dan_01,"{'zh': '纯儒之士', 'en': 'Complete Confucian'}","{'zh': '「若论文学造诣，我定不落于人后。但若是躬行君子，我未可称也。」', 'en': '""In literature, perhaps I am equal to others. But I cannot manifest the behaviour of the noble man.""'}",,,,
3k_dlc04_ceo_node_career_historical_beigong_boyu_01,"{'zh': '义从胡酋', 'en': 'The Loyal Barbarian'}","{'zh': '颇具讽刺的是，此人统帅义胡却反抗皇帝，毫无忠义可言。', 'en': 'Ironically, this one has proven anything but loyal by raising his standard against the emperor.'}",,,,
3k_dlc04_ceo_node_career_historical_bi_lan_01,"{'zh': '铸钟南宫', 'en': 'Architect of the Southern Palace'}","{'zh': '「前楼若完工，必是一美景，其可转水入宫！」', 'en': '""Once complete, the Anterior Pavillion will be a delight to behold – it\'ll even have a water feature!""'}",,,,
3k_dlc04_ceo_node_career_historical_bian_zhang_01,"{'zh': '有志官吏', 'en': 'Aspiring Official'}","{'zh': '渴求飞黄腾达之人，往往比他人……在道德方面更加“灵活”。', 'en': ""He who aspires to greater personal advancement tends to be more... 'morally flexible' than his peers.""}",,,,
3k_dlc04_ceo_node_career_historical_bo_cai_01,"{'zh': '众人领袖', 'en': 'Marshal of Men'}","{'zh': '有些人生来便是领导他人的……尤其喜欢身先士卒，为属下以身作则。', 'en': 'Some people are born to lead others… and preferably from the very front, as an example to their followers.'}",,,,
3k_dlc04_ceo_node_career_historical_cai_yong_bojie_01,"{'zh': '旷世逸才', 'en': 'Ritual Master'}","{'zh': '此人熟知手上政务的方方面面，是其所选领域内的大师。', 'en': 'This one knows every aspect of the procedures he has been tasked with administrating, becoming a master in his chosen field.'}",,,,
3k_dlc04_ceo_node_career_historical_cao_de_01,"{'zh': '忠诚子嗣', 'en': 'Loyal Son'}","{'zh': '曹嵩之子定会忠于其家族，赴汤蹈火，在所不辞。', 'en': 'The offspring of Cao Song has remained loyal to his family through thick and thin.'}",,,,
3k_dlc04_ceo_node_career_historical_cao_song_jugao_01,"{'zh': '雄心巨贾', 'en': 'Ambitious Tycoon'}","{'zh': '对于决心建功立业的实干家来说，为了获取真正的实权，付出任何代价都不算什么。', 'en': 'For the determined entrepreneur, no price is too high for the acquisition of real, workable power.'}",,,,
3k_dlc04_ceo_node_career_historical_chen_deng_yuanlong_01,"{'zh': '湖海之士', 'en': 'Man For All Seasons'}","{'zh': '偶尔，仅仅是偶尔，权力并未堕落至腐败，而是结出了有利他人和普罗慈善的果实。', 'en': 'Sometimes, just sometimes, power fails to corrupt, and instead leads to altruism and charity.'}",,,,
3k_dlc04_ceo_node_career_historical_chen_gui_hanyu_01,"{'zh': '才华洋溢', 'en': 'Abundant Talent'}","{'zh': '此人的才能早在青年时期便崭露头角，并持之以恒，如同永远处于仲春的繁花般盛开。', 'en': ""This man's gifts were noted at a young age and he continues to blossom, as if perpetually held in spring's sweet bloom.""}",,,,
3k_dlc04_ceo_node_career_historical_chen_su_01,"{'zh': '因父得名', 'en': 'Living Legacy'}","{'zh': '说是家传之才也好，裙带关系也好，就看你是相信人性本善还是本恶了。', 'en': 'You can call it inherited ability or mere nepotism, depending on the level of your cynicism.'}",,,,
3k_dlc04_ceo_node_career_historical_cheng_qiu_01,"{'zh': '无耻谋士', 'en': 'Unscrupulous Advisor'}","{'zh': '天下没有免费的午餐。', 'en': 'Everything has a price it seems.'}",,,,
3k_dlc04_ceo_node_career_historical_diao_chan_01,"{'zh': '红颜祸水', 'en': 'Deadly Beauty'}","{'zh': '貂蝉利用其倾国绝色来隐藏其心中的抱负，是为能搅动风云，推翻暴政之人。', 'en': 'Diao Chan uses her enchanting beauty to hide her ambition; one which can topple tyrants.'}",,,,
3k_dlc04_ceo_node_career_historical_ding_yuan_jianyang_01,"{'zh': '登天之龙', 'en': 'Rising Dragon'}","{'zh': '此人必有所成——尤其是在身处帝都宫廷的残酷世界里。', 'en': 'This one is going places - specifically, up in the cut-throat world of Imperial administration.'}",,,,
3k_dlc04_ceo_node_career_historical_dong_he_youzai_01,"{'zh': '坦率公正', 'en': 'Honest & Fair'}","{'zh': '此人以其为人诚实、谈吐率直、处事公正而备受敬仰。', 'en': 'This man is admired for his honest, plain-speaking ways and even-handed manner in all things.'}",,,,
3k_dlc04_ceo_node_career_historical_du_ji_bohou_01,"{'zh': '官员表率', 'en': 'Model Governor'}","{'zh': '此人懂得何时抚慰人心，何时展露铁腕。', 'en': 'This one understands when to use the velvet glove and when to reveal the iron hand beneath.'}",,,,
3k_dlc04_ceo_node_career_historical_duan_gui_ziyin_01,"{'zh': '铁腕执行', 'en': 'Enforcer'}","{'zh': '「我听说这一带最近有盗匪出没。我？不不，我完全不知道这些事……」', 'en': '""I\'ve heard that bandits have been abroad around these parts recently. Me? No, I know nothing about such things...""'}",,,,
3k_dlc04_ceo_node_career_historical_emperor_ling_01,"{'zh': '善变天子', 'en': 'The Inconstant Emperor'}","{'zh': '行事反复无常之人最终必将前后不一、缺乏沉稳，乃至不可依靠……', 'en': 'He who flits and fluctuates risks appearing inconsistent, unsteady and, eventually, unstable...'}",,,,
3k_dlc04_ceo_node_career_historical_emperor_ling_02,"{'zh': '大汉明君', 'en': 'The Great Emperor of the Han'}","{'zh': '在排除万难中兴大汉之后，世人皆称此人为大汉明君。', 'en': 'Having overcome adversity, this one is now recognised as a great emperor of the Han.'}",,,,
3k_dlc04_ceo_node_career_historical_emperor_shao_01,"{'zh': '史侯', 'en': 'Lord Shi'}","{'zh': '皇帝担心皇子刘辩夭折，便命道人史子眇将其在远离皇都的地方养大，因此刘辩又被称为“史侯”。', 'en': ""Due to fears for his health, Liu Bian was raised away from the capital by the famed Taoist, Shi Zimiao, earning him the nickname 'Lord Shi'.""}",,,,
3k_dlc04_ceo_node_career_historical_empress_he_01,"{'zh': '精妙操手', 'en': 'Subtle Manipulator'}","{'zh': '一向能谋巧算，一向诡计多端，表面平静之下，向来波诡云谲。向来如此。', 'en': 'Always plotting, always scheming, always something beneath the obvious. Always.'}",,,,
3k_dlc04_ceo_node_career_historical_feng_fang_01,"{'zh': '含怨强敌', 'en': 'Bitter Adversary'}","{'zh': '「他们本可以成为挚友，可惜人生总不如意……」', 'en': '""In another life, they could\'ve been best friends. However, that\'s just not how the bones fell…""'}",,,,
3k_dlc04_ceo_node_career_historical_fu_xie_nanrong_01,"{'zh': '平叛义军', 'en': 'Destroyer of Rebels'}","{'zh': '傅燮不仅是一位声名显赫的将军——堪称黄巾军的克星——而且还是一位精通文法的大儒。', 'en': 'Fu Xie is not only a general of no little repute – the scourge of the Yellow Turbans, perhaps – but also a skilled writer.'}",,,,
3k_dlc04_ceo_node_career_historical_gao_wang_01,"{'zh': '尚药监', 'en': 'Officer for Medicines'}","{'zh': '「经过了仔细的诊察，我认为最好以水蛭放血。」', 'en': '""After a thorough examination, I\'ve decided the best way forward is a course of leeches.""'}",,,,
3k_dlc04_ceo_node_career_historical_gao_you_01,"{'zh': '学界新秀', 'en': 'Budding Scholar'}","{'zh': '前途无量的青年才俊，未来大有可为。', 'en': 'An up-and-coming young mind, of which great things are expected.'}",,,,
3k_dlc04_ceo_node_career_historical_guan_hai_01,"{'zh': '坚定工兵', 'en': 'Determined Sapper'}","{'zh': '无论何等工事壁垒，皆起于意志坚定军匠', 'en': 'Burrowing under tree and hill, no defences are a match for the mind of a determined sapper.'}",,,,
3k_dlc04_ceo_node_career_historical_guo_sheng_01,"{'zh': '何氏之友', 'en': 'Friend of the He'}","{'zh': '「姓何的？哦，我们很久以前就认识了。让我给你好好讲讲……」', 'en': '""Do I know the He? Oh yes, we go waaaaay back. I could tell you stories...""'}",,,,
3k_dlc04_ceo_node_career_historical_han_xian_01,"{'zh': '白波宿将', 'en': 'White Wave Veteran'}","{'zh': '许多战斗——许多生命——都在这位鬓发斑白的贼徒眼前逝去。', 'en': 'Many battles – and many lives – have passed before the eyes of this grizzled bandit.'}",,,,
3k_dlc04_ceo_node_career_historical_he_jin_01,"{'zh': '何氏屠夫', 'en': 'The Butcher of the He'}","{'zh': '吾虽持屠户戮兽之斧，贼子狂徒亦可轻易劈翻。', 'en': 'The axe that cleaves through beast can so easily be turned to rend man too.'}",,,,
3k_dlc04_ceo_node_career_historical_huangfu_song_01,"{'zh': '谦逊坚定', 'en': 'Modest & Stalwart'}","{'zh': '义真不但心坚义贞，更以端庄本性辅之。', 'en': ""This one's unwavering loyalty is matched only by their demure nature. ""}",,,,
3k_dlc04_ceo_node_career_historical_jin_xuan_yuanji_01,"{'zh': '望族子弟', 'en': 'Scion of Gold'}","{'zh': '闪光的不一定是金子，有时候，天赋显得更为耀眼。', 'en': 'Not all that glitters is gold. Sometimes, talent shines even brighter.'}",,,,
3k_dlc04_ceo_node_career_historical_jiu_dan_01,"{'zh': '仲裁天下', 'en': 'Arbiter of the Planets'}","{'zh': '纳甲六爻、易数八卦。术数杂繁，天意难料。泱泱国祚，拳拳我心。但为君故，测预必得。', 'en': 'To decide between two astronomical methods is a most difficult and perplexing conundrum, but the emperor must have his forecast.'}",,,,
3k_dlc04_ceo_node_career_historical_lady_cai_yan_wenji_01,"{'zh': '莺娇婉娩', 'en': 'The Nightingale'}","{'zh': '晨谣应风唱，仍逊文姬诗。', 'en': 'Even the morningsong that drifts on the wind cannot compare to the sweet lyric of the muse.'}",,,,
3k_dlc04_ceo_node_career_historical_lady_da_qiao_01,"{'zh': '江南闺秀', 'en': 'Daughter of the Southlands'}","{'zh': '南方聚灵秀，赠与贵胄家：二女长成，心地善良，意志坚定。', 'en': 'The south produces boons to its nobles: two daughters, fair of mind and strong of resolve.'}",,,,
3k_dlc04_ceo_node_career_historical_lady_wang_song_01,"{'zh': '忠诚不渝', 'en': 'Ever-faithful'}","{'zh': '无论贫富贵贱，相互扶持，患难与共，此乃婚姻之道。', 'en': 'To support one another, through both the fruitful times and the barren, is the essence of marriage.'}",,,,
3k_dlc04_ceo_node_career_historical_lady_xiao_qiao_01,"{'zh': '江南闺秀', 'en': 'Daughter of the Southlands'}","{'zh': '贞孝良人，天赐众福。', 'en': 'To the filial and the devout, life will give not one, but two measures of its respect.'}",,,,
3k_dlc04_ceo_node_career_historical_li_wenhou_01,"{'zh': '潜伏凶虐', 'en': 'Creeping Dread'}","{'zh': '死亡的化身。慢刀乍现，出其不意，一击致命。', 'en': 'Death personified; the slow knife that appears, unexpected and lethal.'}",,,,
3k_dlc04_ceo_node_career_historical_liu_chong_01,"{'zh': '陈王', 'en': 'Prince of Chen'}","{'zh': '刘宠并非太子，却是最为勤勉，最受百姓爱戴的宗王。', 'en': 'Liu Chong is not the heir apparent, but is the prince most active and beloved by his people.'}",,,,
3k_dlc04_ceo_node_career_historical_liu_hong_yuanzhuo_01,"{'zh': '算圣', 'en': 'Mathematical Sage'}","{'zh': '此人精通数字，凭之运作施为，令人叹为观止，激动人心，以至隐有忧虑……', 'en': 'What this one can do with numbers is impressive, exciting, and almost a little worrying…'}",,,,
3k_dlc04_ceo_node_career_historical_liu_pi_01,"{'zh': '久历四方', 'en': 'Wanderer'}","{'zh': '“无论集镇港口，贩夫走卒，所到之处，所遇之人，皆可从中琢磨学习，受益匪浅，卿知否？”', 'en': '""There is much to be learned in every town, every port, and from every person you encounter, friend.""'}",,,,
3k_dlc04_ceo_node_career_historical_liu_xie_02,"{'zh': '董侯', 'en': 'Lord Dong'}","{'zh': '虽然董侯已经不理政事，但太后依然在关注着他与他的言论', 'en': 'Though he officially retired from political life some time ago, the empress-dowager still has a care for Lord Dong and his views.'}",,,,
3k_dlc04_ceo_node_career_historical_liu_xun_zitai_01,"{'zh': '心腹大将', 'en': 'Trusting Warlord'}","{'zh': '宽宏大量，慷慨仁义，然后遭人欺骗。这便是轻听轻信的宿命。', 'en': 'It is the curse of the trusting to be magnanimous, generous, and ultimately tricked.'}",,,,
3k_dlc04_ceo_node_career_historical_lu_boshe_01,"{'zh': '好客东家', 'en': 'Gracious Host'}","{'zh': '“请进，我的朋友，请进！喝茶么，还是来点更猛的……？”', 'en': '""Come in, my friend, come in! Tea, perhaps? Or something stronger…?""'}",,,,
3k_dlc04_ceo_node_career_historical_lu_ji_gongji_01,"{'zh': '观星者', 'en': 'Stargazer'}","{'zh': '繁星点缀于夜幕之上，星罗棋布，璀璨生辉。', 'en': 'The stars paint a picture on the canvas of night, mesmerising and beautiful.'}",,,,
3k_dlc04_ceo_node_career_historical_lu_jun_01,"{'zh': '儒雅俊杰', 'en': 'Gentleman Cadet'}","{'zh': '要论名士风流，此君独揽风骚。', 'en': 'If one wishes to learn the intricacies of gentlemanly behaviour, one need look no further.'}",,,,
3k_dlc04_ceo_node_career_historical_lu_kang_jining_01,"{'zh': '治理楷模', 'en': 'Paragon of Governance'}","{'zh': '生在钟鸣鼎食之家，既可滋生恶习，也能孕育美德。所幸，此人良善至极，但善恶往往一念之间。', 'en': ""Being born to a vast family can feed either vice or virtue. Luckily, this one is kind to a fault, but it could've gone either way.""}",,,,
3k_dlc04_ceo_node_career_historical_lu_yu_zijia_01,"{'zh': '任能辨才', 'en': 'Judge of Talent'}","{'zh': '“是，是，我们会把你带到他们面前，他们便会知道。他们向来都知道……”', 'en': '""Yes yes, we will bring you before them, and they will know. They ALWAYS know…""'}",,,,
3k_dlc04_ceo_node_career_historical_lu_zhi_01,"{'zh': '德劭导师', 'en': 'Respected Mentor'}","{'zh': '一位世所罕见的良师益友，只可惜命途多舛。', 'en': 'A peerless teacher and favoured friend, though chronically misfortunate.'}",,,,
3k_dlc04_ceo_node_career_historical_luo_jun_xiaoyuan_01,"{'zh': '百姓守护', 'en': 'Guardian of the People'}","{'zh': '“施压于民，绝无益处。水能载舟，亦能覆舟。”', 'en': '""There is nothing to be gained from oppressing the people; they, ultimately, will decide our fate.""'}",,,,
3k_dlc04_ceo_node_career_historical_luo_tong_gongxu_01,"{'zh': '贫贱之骑', 'en': 'Penniless Knight'}","{'zh': '翻山越岭，走街串巷，人们传扬着这位勇士的事迹，然而勇士本人依旧是个谜。', 'en': ""From town to town, they speak of this one's deeds, yet the warrior himself remains a wandering mystery.""}",,,,
3k_dlc04_ceo_node_career_historical_ma_midi_wengshu_01,"{'zh': '谏议大夫', 'en': 'Counsellor Remonstrant'}","{'zh': '尽管经验不足，这位尚书仆射仍不失为深藏智谋，字字珠玑。', 'en': 'Wisdoms pours from every word of this able, if inexperienced, counsellor.'}",,,,
3k_dlc04_ceo_node_career_historical_ma_yuanyi_01,"{'zh': '厌马之人', 'en': 'Hippophobe'}","{'zh': '一朝见烈马，十年怕马骡', 'en': ""A psychological fear of horses is not entirely unreasonable when you've seen what they can do.""}",,,,
3k_dlc04_ceo_node_career_historical_qiao_mao_yuanwei_01,"{'zh': '汉朝忠臣', 'en': 'Loyalist of the Han'}","{'zh': '尽管困难重重，无论所遇何事，他们都将拱卫汉室。', 'en': 'Against all odds, to whatever end, they will defend the Han.'}",,,,
3k_dlc04_ceo_node_career_historical_qiao_xuan_gongzu_01,"{'zh': '告灾先觉', 'en': 'Harbinger of Chaos'}","{'zh': '此人已经看到了天下的未来。骚乱正在酝酿', 'en': 'This one has seen the way the world is going. Tumult is imminent.'}",,,,
3k_dlc04_ceo_node_career_historical_song_dian_01,"{'zh': '缮修玉堂', 'en': 'Architect of the Jade Hall'}","{'zh': '顺帝的殿堂曾经无比辉煌，如今却因年久失修而倾颓。此人奉命对其进行修缮', 'en': ""Emperor Shun's hall was a thing of unbridled splendour, but has fallen into some disrepair. This man has been tasked with its maintenance.""}",,,,
3k_dlc04_ceo_node_career_historical_song_jian_01,"{'zh': '僭号河陇', 'en': 'Lord of the Sources'}","{'zh': '其人杀敌无数，手下败将，或可尸骸蔽野，血流成河。', 'en': 'Like the river flows, so too does the blood of his enemies.'}",,,,
3k_dlc04_ceo_node_career_historical_tang_zhou_01,"{'zh': '国之耳目', 'en': 'Eyes & Ears'}","{'zh': '谋士如此之多，谁会怀疑再多了一人呢……？', 'en': 'Amongst so many advisors, who would suspect one more…?'}",,,,
3k_dlc04_ceo_node_career_historical_wang_guo_01,"{'zh': '残酷叛贼', 'en': 'Cruel Turncoat'}","{'zh': '对于那些视荣华富贵为一切的人来说，所谓道义，一文不值。', 'en': 'Honour is nothing to those for whom gold and glory loom large over all.'}",,,,
3k_dlc04_ceo_node_career_historical_wu_qiong_deyu_01,"{'zh': '贤才伯乐', 'en': 'Seeker of Talent'}","{'zh': '“卿之良才……实乃深不可测……”', 'en': '""I see in you the ability to…. Yes, yes! Something FAR greater…""'}",,,,
3k_dlc04_ceo_node_career_historical_xia_yun_01,"{'zh': '财政天才', 'en': 'Financial Genius'}","{'zh': '唯利是图之贸，为人不齿。此人却深谙此学，最善空手套白狼', 'en': ""Having mastered finance's decidedly black arts, this one is able to generate funds almost from thin air.""}",,,,
3k_dlc04_ceo_node_career_historical_xue_zhou_01,"{'zh': '千帆海贼', 'en': 'Pirate of the Thousand Sails'}","{'zh': '此等水贼，有精兵坚船在侧，更有雄心万丈藏于胸中！', 'en': 'This pirate rides with an armada at his back and the call to glory in his soul!'}",,,,
3k_dlc04_ceo_node_career_historical_xun_shuang_ciming_01,"{'zh': '力克贪腐', 'en': 'Fighter Against Corruption'}","{'zh': '无论何处，但凡有不忠不义之人的迹象，此人必将其连根铲除', 'en': 'This one seeks unscrupulous dishonesty wherever it may lurk. It will be rooted out.'}",,,,
3k_dlc04_ceo_node_career_historical_ying_qu_xiulian_01,"{'zh': '饱读之士', 'en': 'Bookish Scholar'}","{'zh': '卷帙浩繁，连篇累牍，即便仅仅片刻，观之亦如坠隔世……', 'en': 'The words of these tomes take the reader to another world, if only temporarily…'}",,,,
3k_dlc04_ceo_node_career_historical_ying_shao_zhongyuan_01,"{'zh': '熟知仪礼', 'en': 'Master of Ceremonies'}","{'zh': '“大人，大人！听吾一言！”', 'en': '""My lords, my lords! Please attend carefully!""'}",,,,
3k_dlc04_ceo_node_career_historical_ying_yang_delian_01,"{'zh': '棋坛圣手', 'en': 'Chess Grandmaster'}","{'zh': '通常来说，赢家仅是未犯最后一个错的人。', 'en': '""Typically, however, the winner is just the player who made the penultimate mistake.""'}",,,,
3k_dlc04_ceo_node_career_historical_yuan_yi_boye_01,"{'zh': '忠于袁氏', 'en': 'Loyal Yuan'}","{'zh': '对家族的忠贞高于一切。', 'en': 'Loyalty to family above all.'}",,,,
3k_dlc04_ceo_node_career_historical_zhang_bao_01,"{'zh': '地公将军', 'en': 'General of the Land'}","{'zh': '不配太平道者，皆应血归黄土。', 'en': 'Zhang Bao nourishes the land with the blood of the undeserving.'}",,,,
3k_dlc04_ceo_node_career_historical_zhang_jue_01,"{'zh': '天公将军', 'en': 'General of Heaven'}","{'zh': '苍天已死，黄天当立！吾领黄巾道众，顺黄天传太平！', 'en': 'Zhang Jue leads the Yellow Rebellion, driven by divine purpose!'}",,,,
3k_dlc04_ceo_node_career_historical_zhang_liang_01,"{'zh': '人公将军', 'en': 'General of the People'}","{'zh': '吾善唤起民众，引之斗暴政。', 'en': 'Zhang Liang supports the people, driving them to war against an oppressive regime.'}",,,,
3k_dlc04_ceo_node_career_historical_zhang_mancheng_01,"{'zh': '南阳灾祸', 'en': 'Scourge of Nanyang'}","{'zh': '农人低声谈论此事，而南阳百姓则哀嚎连天。', 'en': 'Peasants speak of this one in hushed whispers, whilst those of Nanyang howl in anguish.'}",,,,
3k_dlc04_ceo_node_career_historical_zhang_rang_01,"{'zh': '皇帝假父', 'en': 'Imperial Father'}","{'zh': '虽然并没有血缘关系，但此人就如同天子的亲生父亲一般', 'en': 'Though they share no blood, this man has been like a father to the emperor.'}",,,,
3k_dlc04_ceo_node_career_historical_zhang_wen_boshen_01,"{'zh': '无双国士', 'en': 'Peerless Protégé'}","{'zh': '如有任务下达，此人必定躬身完成。', 'en': 'If there is a task to perform, this one will see it done.'}",,,,
3k_dlc04_ceo_node_career_historical_zhao_hong_01,"{'zh': '玄龟御敌', 'en': 'The Turtle'}","{'zh': '“且慢，尔等胆敢来闯龟阵！无人可破吾之躯壳！”', 'en': '""Behold, you assault the Turtle! Nothing shall pierce my shell!""'}",,,,
3k_dlc04_ceo_node_career_historical_zhao_zhong_01,"{'zh': '皇帝假母', 'en': 'Imperial Mother'}","{'zh': '虽然并没有血缘关系，但此人就如同天子的亲生母亲一般', 'en': 'Though they are unrelated, this man has been as a mother to the emperor.'}",,,,
3k_dlc04_ceo_node_career_historical_zhou_bi_zhongyuan_01,"{'zh': '举贤之人', 'en': 'Nominator of Worth'}","{'zh': '真的，两个人能否合得来，此人一眼便知。', 'en': 'Truly, this one can see if two people will fit together, and if they will not.'}",,,,
3k_dlc04_ceo_node_career_historical_zhou_xin_daming_01,"{'zh': '前锋猛将', 'en': 'Frontline General'}","{'zh': '「我也是你们中的一员，我了解你们的苦痛！」', 'en': '""I am one of you, I know your pain!""'}",,,,
3k_dlc04_ceo_node_career_historical_zong_yuan_01,"{'zh': '辅佐将领', 'en': 'Auxiliary Leader'}","{'zh': '“无论尔等出身何处，但凡骁勇战士，吾来者不拒！”', 'en': '""I won\'t be the one to refuse good warriors, no matter where you hail from!""'}",,,,
3k_dlc05_ceo_node_career_generated_assassin_01,"{'zh': '老练刺客', 'en': 'Assassin'}","{'zh': '杀戮之事，一回生，二回熟。三四回后则如家常便饭。', 'en': 'After a few kills, a degree of finesse is developed; after a few more, death is just routine.'}",,,,
3k_dlc05_ceo_node_career_generated_avenger_01,"{'zh': '枕戈剚刃', 'en': 'Avenger'}","{'zh': '“杀叔之仇，不共戴天。”', 'en': '""You really shouldn\'t have killed my uncle.""'}",,,,
3k_dlc05_ceo_node_career_generated_bandit_01,"{'zh': '熟手劫匪', 'en': 'Bandit'}","{'zh': '人生自是不公，唯死贱于苟活。兄弟，莫要惜钱失命！', 'en': '""Life isn\'t fair. It\'s just fairer than death, that\'s all.""'}",,,,
3k_dlc05_ceo_node_career_generated_brute_01,"{'zh': '暴虐之人', 'en': 'Brute'}","{'zh': '凶恣暴虐之徒不会懂得礼节与雅言', 'en': 'Niceties, wordplay, in fact, anything other than the coarsest violence is alien to this one.'}",,,,
3k_dlc05_ceo_node_career_generated_charlatan_01,"{'zh': '江湖郎中', 'en': 'Charlatan'}","{'zh': '莫要轻信其言！此人最是表里不一……', 'en': 'Don’t believe a word! This person is not who they first appear to be…'}",,,,
3k_dlc05_ceo_node_career_generated_demagogue_01,"{'zh': '蛊惑民心', 'en': 'Demagogue'}","{'zh': '道理无用！凭借迎合匹夫之识之能，哪怕名不正言不顺，往往照样如愿以偿。', 'en': ""Rationality be damned! The ability to appeal to the rabble's basest views, no matter how wrong-headed, tends to get the desired result.""}",,,,
3k_dlc05_ceo_node_career_generated_disgraced_noble_01,"{'zh': '贬谪士族', 'en': 'Disgraced Noble'}","{'zh': '“我必先将功赎罪，否则愧见父老乡亲。”', 'en': '""I can never return, of course, not until I have redeemed myself.""'}",,,,
3k_dlc05_ceo_node_career_generated_embezzler_01,"{'zh': '中饱私囊', 'en': 'Embezzler'}","{'zh': '府库的钱财落入了不义之人手中，此人显然难逃罪责。', 'en': 'Funds have been… misplaced, and this one is flagrantly, obviously, blatantly the guilty party.'}",,,,
3k_dlc05_ceo_node_career_generated_enforcer_01,"{'zh': '铁面无私', 'en': 'Enforcer'}","{'zh': '花言巧语起不了实际作用，软硬兼施才是硬道理。', 'en': 'You can get a lot further in life with a kind word and a visible blade than you can with just a kind word.'}",,,,
3k_dlc05_ceo_node_career_generated_escaped_convict_01,"{'zh': '在逃案犯', 'en': 'Escaped Convict'}","{'zh': '此人在经历了一番牢狱之灾和严刑拷打后得以逃出生天，现下可谓无所顾忌，毫无畏惧。', 'en': 'Having escaped custody and a punishment most-severe, this one is on the run, with little or nothing to lose.'}",,,,
3k_dlc05_ceo_node_career_generated_fugitive_officer_01,"{'zh': '在逃曹掾', 'en': 'Fugitive Officer'}","{'zh': '“吾并非杀妻之人！”', 'en': '""I didn\'t kill my wife!""'}",,,,
3k_dlc05_ceo_node_career_generated_hermit_01,"{'zh': '隐士', 'en': 'Hermit'}","{'zh': '能找出极力自己隐藏身份的人，此能力的确不同凡响。', 'en': 'To find one who does not wish to be found is an impressive, if not confounding, feat.'}",,,,
3k_dlc05_ceo_node_career_generated_magician_01,"{'zh': '江湖术士', 'en': 'Magician'}","{'zh': '这难以置信的壮举并不只是欺骗，尽管要欺骗他人本身也不容易。', 'en': 'These scarcely believable feats are no mere acts of trickery, although such acts are themselves also surprisingly difficult.'}",,,,
3k_dlc05_ceo_node_career_generated_mastermind_01,"{'zh': '智多星', 'en': 'Mastermind'}","{'zh': '“有始有终……”', 'en': '""I\'ve started, so I\'ll finish…""'}",,,,
3k_dlc05_ceo_node_career_generated_murderer_01,"{'zh': '唯利凶徒', 'en': 'Murderer'}","{'zh': '此人为达目的不择手段，为了一己私利可以做出任何下作之事……', 'en': 'When it comes to getting what they want, this person is not above the lowest, basest act one can commit…'}",,,,
3k_dlc05_ceo_node_career_generated_pillager_01,"{'zh': '绿林好汉', 'en': 'Pillager'}","{'zh': '“不论是你的土地还是他们的土地，通通都会属于我，这毫无疑问。”', 'en': '""What\'s yours is mine. What\'s theirs is mine. It\'s all mine, essentially.""'}",,,,
3k_dlc05_ceo_node_career_generated_poacher_01,"{'zh': '妙手空空', 'en': 'Poacher'}","{'zh': '隔牖窥扉悉悉索索，深宵胠箧妙手空空', 'en': '""Clever girl…""'}",,,,
3k_dlc05_ceo_node_career_generated_ringleader_01,"{'zh': '巧舌纳士', 'en': 'Ringleader'}","{'zh': '鼓动他人为其事业卖命的能力，自然是一把双刃剑。此人只要一开口，他人便会认真听从。', 'en': 'The ability to galvanise others to a cause can be both blessing and curse; regardless, when this one speaks, others listen keenly, and act.'}",,,,
3k_dlc05_ceo_node_career_generated_rogue_01,"{'zh': '多诈狡狯', 'en': 'Rogue'}","{'zh': '他们只需露出一丝苦笑，便几乎足以让人原谅他们的恶行。当然，只是几乎。', 'en': 'A flash of their wry smile is almost enough to forgive them their terrible deeds. Almost.'}",,,,
3k_dlc05_ceo_node_career_generated_saboteur_01,"{'zh': '成事煞星', 'en': 'Saboteur'}","{'zh': '“你之后打算做些什么可不关我的事，那是其他人职责所在。”', 'en': '""What you do afterwards is not my concern. That is somebody else\'s job.""'}",,,,
3k_dlc05_ceo_node_career_generated_thief_01,"{'zh': '惯犯名偷', 'en': 'Thief'}","{'zh': '此人有些……这么说吧：你最好把东西看紧咯。', 'en': ""This one is a bit… Put it this way: you'd best nail down what you want to hang on to.""}",,,,
3k_dlc05_ceo_node_career_generated_town_drunk_01,"{'zh': '嗜酒如命', 'en': 'Town Drunk'}","{'zh': '此人一刻也离不开杯中之物，一旦碰到酒便要痛饮一番。此人注定一事无成。', 'en': ""This one can't leave the bottle alone, nor put it down once they've picked it up; not really a suitable candidate – for anything!""}",,,,
3k_dlc05_ceo_node_career_generated_tribal_exile_01,"{'zh': '披发左衽', 'en': 'Tribal Exile'}","{'zh': '此人被自己同胞赶出了领地，只能四处流浪，再寻良机。', 'en': 'Cast out by their own people, this one is has left their own lands by necessity as much as a sense of adventure.'}",,,,
3k_dlc05_ceo_node_career_generated_trickster_01,"{'zh': '坑蒙拐骗', 'en': 'Trickster'}","{'zh': '此人总是在暗中筹划些什么，千万别过于信任！', 'en': 'This person always has a hidden agenda; do not trust them any further than you can throw them!'}",,,,
3k_dlc05_ceo_node_career_generated_wanderer_01,"{'zh': '久历四方', 'en': 'Wanderer'}","{'zh': '“我一生放荡不羁爱自由，失也好得也好，自有把握。”', 'en': '""I have walked my way since the beginning. Sometimes I give, sometimes I take – it is mine to know which and when.""'}",,,,
3k_dlc05_ceo_node_career_historical_cao_xing_01,"{'zh': '忠直善射', 'en': 'Loyal Sharpshooter'}","{'zh': '心存叛逆之徒都应当睁大眼睛提防曹性……否则就有可能被他夺去这双眼！', 'en': 'Potential traitors should keep an eye out for Cao Xing... or risk losing it!'}",,,,
3k_dlc05_ceo_node_career_historical_chen_ji_01,"{'zh': '决讼九江', 'en': 'Magistrate'}","{'zh': '身居两千石之位，陈纪早已对官场风云了然于心', 'en': 'An important cog of law administration, who is no stranger to the pressures of bureaucracy.'}",,,,
3k_dlc05_ceo_node_career_historical_cheng_pu_elder_01,"{'zh': '程公', 'en': 'Elder Cheng'}","{'zh': '程普的经验与智慧让他成为孙氏军队的中流砥柱。', 'en': ""Cheng Pu's experience and wisdom makes him a pillar of stability.""}",,,,
3k_dlc05_ceo_node_career_historical_cheng_yu_01,"{'zh': '刚戾务实', 'en': 'Ruthless Pragmatist'}","{'zh': '程昱深谙：身处战乱年代，即便最诡之道，有时亦可行之。', 'en': 'Cheng Yu knows that even the most unthinkable actions can become unavoidable in times of war.'}",,,,
3k_dlc05_ceo_node_career_historical_chunyu_qiong_01,"{'zh': '嗜酒失职', 'en': 'Drunken Incompetent'}","{'zh': '凡淳于琼所进之言，皆可反其道而行之。', 'en': 'Whatever Chunyu Qiong suggests, do the opposite.'}",,,,
3k_dlc05_ceo_node_career_historical_diaochan_01,"{'zh': '倾国倾城', 'en': 'Legendary Beauty'}","{'zh': '为讨貂蝉欢心，有人不惜铤而走险，有人不惜以身试法，冒天下之大不韪……', 'en': ""Some men will throw themselves into terrible danger in search of Diaochan's favour, and some would consider committing the blackest of crimes…""}",,,,
3k_dlc05_ceo_node_career_historical_gao_shun_01,"{'zh': '陷阵先锋', 'en': 'Formation Breaker'}","{'zh': '敌人会溃败，高顺则不然。', 'en': 'The enemy will break. Gao Shun will not.'}",,,,
3k_dlc05_ceo_node_career_historical_guo_si_01,"{'zh': '多疑恶徒', 'en': 'Paranoid Thug'}","{'zh': '郭汜树敌甚多，其假想的敌人甚至还更多！', 'en': 'Guo Si has many real enemies – and many more imagined ones!'}",,,,
3k_dlc05_ceo_node_career_historical_guo_tu_01,"{'zh': '智谋如鬼', 'en': 'Erratic Advisor'}","{'zh': '郭图刚强莽直，心中只生一计：进攻！', 'en': ""Guo Tu's advice is always the same: attack!""}",,,,
3k_dlc05_ceo_node_career_historical_han_dang_01,"{'zh': '忠勇之士', 'en': 'Loyal Mercenary'}","{'zh': '韩当的行事方式不拘小节，但恪尽职守、忠心耿耿。', 'en': ""Han Dang's modus operandi has often been compared to that of a mercenary. His loyalty and dedication to his masters is unwavering, however.""}",,,,
3k_dlc05_ceo_node_career_historical_han_hao_01,"{'zh': '屯田护军', 'en': 'Feeder of Armies'}","{'zh': '韩浩勇猛过人，亦通农桑之务，实乃奇才！', 'en': 'A courageous warrior and an adept agriculturalist, Han Hao is a valuable asset.'}",,,,
3k_dlc05_ceo_node_career_historical_hao_meng_01,"{'zh': '两面三刀', 'en': 'Treacherous Rogue'}","{'zh': '他一有机会就会在背后捅你一刀，但在此之前，郝萌的下三滥招数往往最为实用。', 'en': ""He'll stab you in the back as soon as he gets the chance, but until then Hao Meng's dirty tricks can be most useful.""}",,,,
3k_dlc05_ceo_node_career_historical_ji_ling_01,"{'zh': '以力服人', 'en': 'Blunt Instrument'}","{'zh': '纪灵认为绝大多数问题都可以单凭蛮力解决。', 'en': 'Ji Ling believes most problems can be solved through the overwhelming application of brute force.'}",,,,
3k_dlc05_ceo_node_career_historical_ju_shou_01,"{'zh': '澄思寂虑', 'en': 'Voice of Reason'}","{'zh': '沮授深知：欲速则不达。', 'en': 'Ju Shou knows the risks of haste and the value of patience.'}",,,,
3k_dlc05_ceo_node_career_historical_lady_bian_01,"{'zh': '谦卑巾帼', 'en': 'Humble Matriarch'}","{'zh': '曹氏家族是一群倔强之人，需要耐心和智慧才能管理好他们。', 'en': 'It takes patience and wisdom to manage the fractious brood that is the Cao family.'}",,,,
3k_dlc05_ceo_node_career_historical_lady_mi_01,"{'zh': '果决刚烈', 'en': 'Steadfast Loyalist'}","{'zh': '糜夫人为保护亲眷，会不惜牺牲性命。', 'en': 'Lady Mi will do anything to protect her family – even if it means sacrificing herself.'}",,,,
3k_dlc05_ceo_node_career_historical_li_jue_01,"{'zh': '邪佞狂徒', 'en': 'Vicious Strongman'}","{'zh': '李傕认为战争不过是朝堂之争通过另一种手段的延续罢了。', 'en': ""In Li Jue's view, politics is just the continuation of war by other means.""}",,,,
3k_dlc05_ceo_node_career_historical_lou_gui_01,"{'zh': '梦梅居士', 'en': 'Mengmei Householder'}","{'zh': '娄子伯献寒天筑垒之策，却不以为功', 'en': 'Lou Gui will summon fortifications from the air itself,  but he expects to be rewarded…'}",,,,
3k_dlc05_ceo_node_career_historical_lu_lingqi_01,"{'zh': '飞将之女', 'en': 'Daughter of the Dragon'}","{'zh': '有话道有其父必有其女。吕布之女虽姿容艳丽，却危险致命，真可谓巾帼不让须眉。', 'en': ""The apple doesn't fall far from the tree. Lü Bu's daughter is as beautiful as she is deadly.""}",,,,
3k_dlc05_ceo_node_career_historical_mao_jie_01,"{'zh': '清公素履', 'en': 'Enforcer of Morals'}","{'zh': '谁能选用清廉正直之士？毛玠。', 'en': 'Who watches the watchmen? In this case, Mao Jie.'}",,,,
3k_dlc05_ceo_node_career_historical_pang_ji_01,"{'zh': '恶毒鬼祟', 'en': 'Vindictive Sneak'}","{'zh': '竞争残酷，逢纪为求上位，会不择手段，极尽其所能。', 'en': 'Ruthlessly competitive, Pang Ji will employ whatever dirty trick he can to come out on top.'}",,,,
3k_dlc05_ceo_node_career_historical_shen_pei_01,"{'zh': '踏实可靠', 'en': 'The Dependable'}","{'zh': '当众人纷纷冲昏了头脑，审配却能继续保持清醒，主持大小事务。', 'en': 'When everyone else is losing their heads, Shen Pei can be trusted to keep things going.'}",,,,
3k_dlc05_ceo_node_career_historical_tian_feng_01,"{'zh': '刚直智士', 'en': 'Forthright Advisor'}","{'zh': '田丰言之有物，可惜忠言逆耳……', 'en': ""Tian Feng's advice is usually good – though it's not always what people want to hear...""}",,,,
3k_dlc05_ceo_node_career_historical_xu_shao_01,"{'zh': '敏锐相士', 'en': 'Astute Analyst'}","{'zh': '许劭善于相人，乃世所罕见。', 'en': ""Few can dissect a person's character as keenly as Xu Shao.""}",,,,
3k_dlc05_ceo_node_career_historical_xu_shu_early_01,"{'zh': '义侠书生', 'en': 'Reformed Vigilante'}","{'zh': '徐庶少好任侠击剑，尝为人报仇，历艰难得脱。于是弃其刀戟，更疏巾单衣，折节学问。得义理精熟，亦化理为兵。', 'en': 'Xu Shu once wandered the lands as a roaming swordsman - but now his mind is his sharpest weapon.'}",,,,
3k_dlc05_ceo_node_career_historical_xu_you_01,"{'zh': '谋术多端', 'en': 'Inveterate Schemer'}","{'zh': '“我有一计……”', 'en': '""I have a cunning plan...""'}",,,,
3k_dlc05_ceo_node_career_historical_yang_feng_01,"{'zh': '白波将军', 'en': 'White Wave Warlord'}","{'zh': '白波将军审时度势，总是选择最有利可图的盟友。', 'en': 'The White Wave warlord reads the tides of time, and his allegiances always lie with those most beneficial to him.'}",,,,
3k_dlc05_ceo_node_career_historical_yang_hong_01,"{'zh': '雅望高士', 'en': 'Respected Advisor'}","{'zh': '“主公才略过人，当可容某献上一言……？”', 'en': '""Your wisdom is without question, but if I could but offer a suggestion…?""'}",,,,
3k_dlc05_ceo_node_career_historical_yu_fan_01,"{'zh': '狂直谋臣', 'en': 'Abrasive Advisor'}","{'zh': '心胸狭隘之人求助虞翻当多加宽心，直面其言', 'en': 'Those with sensitive egos should beware of asking advice from Yu Fan. '}",,,,
3k_dlc05_ceo_node_career_historical_yuan_huan_01,"{'zh': '农学大家', 'en': 'Agricultural Reformer'}","{'zh': '只要能追求其改革大业，袁涣并不在乎侍奉于何人帐下。', 'en': 'Yuan Huan cares not whom he serves, so long as he can pursue his reformist interests.'}",,,,
3k_dlc05_ceo_node_career_historical_yuan_tan_01,"{'zh': '失宠之子', 'en': 'Unfavoured Son'}","{'zh': '对袁谭而言，显赫的家世既是优势，也是负担——尤其是有着这么一位野心勃勃的父亲。', 'en': ""A prestigious lineage can be both a boon and a burden – especially when your father is as ambitious as Yuan Tan's.""}",,,,
3k_dlc05_ceo_node_career_historical_zang_ba_01,"{'zh': '狡诈多端', 'en': 'Crafty Operator'}","{'zh': '乱世浮沉为阶梯，臧霸足以任先登！', 'en': 'Chaos is a ladder, and one Zang Ba is well equipped to climb.'}",,,,
3k_dlc05_ceo_node_career_historical_zao_zhi_01,"{'zh': '首倡屯田', 'en': 'Father of the Tuntian'}","{'zh': '枣祗深知：国之根基，水土万民', 'en': 'Zao Zhi knows that all kingdoms are founded upon two things: the people and the land.'}",,,,
3k_dlc05_ceo_node_career_historical_ze_rong_01,"{'zh': '卑鄙狡狯', 'en': 'Populist Rogue'}","{'zh': '笮融表面上劫富济贫，实际上却私吞财物，中饱私囊。', 'en': 'Ze Rong steals from the rich to feed the poor. And himself. Mostly himself.'}",,,,
3k_dlc05_ceo_node_career_historical_zhang_fang_01,"{'zh': '黑山少主', 'en': 'Prince of Black Mountain'}","{'zh': '飞燕之子，不逊乃父。', 'en': ""The son of the 'Flying Swallow' is no less of a man than his father.""}",,,,
3k_dlc05_ceo_node_career_historical_zhang_hong_01,"{'zh': '文理意正', 'en': 'Adept Diplomat'}","{'zh': '机智敏捷，举止镇定，张纮在不同宫廷之间游刃有余。', 'en': 'With a quick wit and unflappable demeanour, Zhang Hong moves between courts with consummate ease.'}",,,,
3k_dlc05_ceo_node_career_historical_zhang_miao_01,"{'zh': '八面玲珑', 'en': 'Friend to All'}","{'zh': '张邈虽好广交豪杰，然其友多水火不容。', 'en': ""Zhang Miao has friends everywhere. It's a shame they all hate each other.""}",,,,
3k_dlc05_ceo_node_career_historical_zhang_xiu_01,"{'zh': '能屈能伸', 'en': 'Reed in the Wind'}","{'zh': '张绣有灵活应变之才，是局势大好之蜜，亦是局势变化之毒，当局势有变，且多加留心......', 'en': ""Zhang Xiu's flexibility is an asset when times a good, but keep an eye on him if the tables turn…""}",,,,
3k_dlc05_ceo_node_career_historical_zhang_zhao_01,"{'zh': '忠謇方直', 'en': 'Stern Advisor'}","{'zh': '即便是最强大的雄主，偶尔也需要臣属直言劝诫。张昭就是这样一位勇于谏言，值得信赖之人。', 'en': 'Even the mightiest warlords need a sharp rebuke from time to time. Zhang Zhao can be relied upon to provide it. '}",,,,
3k_dlc05_ceo_node_career_historical_zhou_tai_scarred_01,"{'zh': '肤如刻画', 'en': 'Man of Many Scars'}","{'zh': '战如熊虎，不惜躯命，被创数十，肤如刻画', 'en': 'His scar-riddled skin is a canvas of stories, telling of countless bloody battles past.'}",,,,
3k_dlc06_ceo_node_career_generated_common_earth_01_01,"{'zh': '新授虎符', 'en': 'Novice Commander'}","{'zh': '尽管志存高远，急于一展所长，但此人总归只是个战场白丁。', 'en': 'Although eager to show their prowess, this general is nevertheless relatively new to war.'}",,,,
3k_dlc06_ceo_node_career_generated_common_earth_01_02,"{'zh': '指挥若定', 'en': 'Capable Commander'}","{'zh': '此人虽尚需磨砺雕琢，但已有资格在战场上博取功名。', 'en': 'Although they have much yet to learn, this commander has begun to earn their scars in battle.'}",,,,
3k_dlc06_ceo_node_career_generated_common_earth_01_03,"{'zh': '卓越统帅', 'en': 'Adept Commander'}","{'zh': '世上可还有此人未曾通晓的军务及战法？屈指可数。', 'en': 'What is there to know of war that this one does not already know? Very little, it seems!'}",,,,
3k_dlc06_ceo_node_career_generated_common_earth_02_01,"{'zh': '初入官场', 'en': 'Fledgling Administrator'}","{'zh': '治民当知百业，识生计，此人不过初窥门径而已。', 'en': 'To govern is to know many things, and this one knows only the basics, so far.'}",,,,
3k_dlc06_ceo_node_career_generated_common_earth_02_02,"{'zh': '肱股之臣', 'en': 'Competent Administrator'}","{'zh': '此人对吏治已颇有心得，假以时日，必将成为朝廷的肱股之臣。', 'en': 'Given time and investment, they will become a most capable leader. They are already on their way.'}",,,,
3k_dlc06_ceo_node_career_generated_common_earth_02_03,"{'zh': '王佐之才', 'en': 'Seasoned Administrator'}","{'zh': '城池如绢，政令若笔，绘出丰年人乐业的曼妙画卷。', 'en': 'If governance is an art, then the city is a canvas, and this one a true painter.'}",,,,
3k_dlc06_ceo_node_career_generated_common_fire_01_01,"{'zh': '新任小吏', 'en': 'Beginner Coinmaster'}","{'zh': '处事或许拙手拙脚，但并不缺乏精明鉴识之能。', 'en': 'They may fumble their coin more often than not, but they have a budding eye for value and prudence.'}",,,,
3k_dlc06_ceo_node_career_generated_common_fire_01_02,"{'zh': '精明吏曹', 'en': 'Versed Coinmaster'}","{'zh': '户部不计无用之数，亦不纳无用之人。', 'en': ""The counting of coin is no fool's errand, and it is certain that this one is no fool.""}",,,,
3k_dlc06_ceo_node_career_generated_common_fire_01_03,"{'zh': '丰财尚书', 'en': 'Scrupulous Coinmaster'}","{'zh': '可使之掌支计、主财帛。', 'en': 'The master of all they survey, and they mostly survey money.'}",,,,
3k_dlc06_ceo_node_career_generated_common_fire_02_01,"{'zh': '新进驯师', 'en': 'Fresh Tamer'}","{'zh': '徒有爱惜之情，然则对驯兽之术一窍不通。', 'en': 'Whilst this one has a love for animals, they are thoroughly unversed in their ways.'}",,,,
3k_dlc06_ceo_node_career_generated_common_fire_02_02,"{'zh': '精英驯师', 'en': 'Professional Tamer'}","{'zh': '鞭打并非唯一令野兽臣服之术。', 'en': 'A whipcrack is no longer required to bring these beasts to heel.'}",,,,
3k_dlc06_ceo_node_career_generated_common_fire_02_03,"{'zh': '剽悍驯师', 'en': 'Fearsome Tamer'}","{'zh': '只待主人挥鞭怒喝，猛兽顷刻纵入战场。', 'en': ""The crack of the whip and the cry of battle sends beasts to war at their master's command.""}",,,,
3k_dlc06_ceo_node_career_generated_common_metal_01_01,"{'zh': '天赋小将', 'en': 'Amateur General'}","{'zh': '虽沙场初试，已初现峥嵘，此子建功立业，指日可待……', 'en': 'This one tries at war, but has yet to find much success. Give it time, however…'}",,,,
3k_dlc06_ceo_node_career_generated_common_metal_01_02,"{'zh': '沙场宿将', 'en': 'Professional General'}","{'zh': '此人战法已熟稔于心，信手拈来。 ', 'en': 'War is to them as breathing is to others; natural and necessary. '}",,,,
3k_dlc06_ceo_node_career_generated_common_metal_01_03,"{'zh': '铁血悍将', 'en': 'Brutal General'}","{'zh': '无论何种骇人之事，危机之局，在此人看来皆为寻常。', 'en': ""That which others would call horrendous, is but a day's work to this general.""}",,,,
3k_dlc06_ceo_node_career_generated_common_metal_02_01,"{'zh': '入伍新丁', 'en': 'Newcomer Warrior'}","{'zh': '有心而无力，有胆而无技，日夜操练，方能兼而得之。', 'en': 'Eager and skilled are not common aquaintances. Yet in time, the two can become the same.'}",,,,
3k_dlc06_ceo_node_career_generated_common_metal_02_02,"{'zh': '勇武过人', 'en': 'Skilled Warrior'}","{'zh': '兵刃在手，如臂使指。', 'en': 'You put a weapon in their hand, they will use it, and use it well.'}",,,,
3k_dlc06_ceo_node_career_generated_common_metal_02_03,"{'zh': '冠绝三军', 'en': 'Extraordinary Warrior'}","{'zh': '此人之战技已臻化境，敌虽众，可使无斗。', 'en': 'One fighter after another lines up to be felled by their superior, transcendental skill.'}",,,,
3k_dlc06_ceo_node_career_generated_common_water_01_01,"{'zh': '阴毒之士', 'en': 'Sneaky Chief'}","{'zh': '始于不足道的欺瞒与遁词，却如燎原野火般蔓延……', 'en': 'Subterfuge and deception begin in the most basic of acts, then rage like fire…'}",,,,
3k_dlc06_ceo_node_career_generated_common_water_01_02,"{'zh': '诡计多端', 'en': 'Cunning Chief'}","{'zh': '切不可尽信其言，恐有欺瞒……', 'en': 'Beware their words, for they do not always carry the meaning you would wish…'}",,,,
3k_dlc06_ceo_node_career_generated_common_water_01_03,"{'zh': '口蜜腹剑 ', 'en': 'Insidious Chief '}","{'zh': '阳与之善，啖以甘言，而阴陷之。', 'en': 'Their ways drip sweet like honey, yet conceal the poison blade amongst the saccharine talk.'}",,,,
3k_dlc06_ceo_node_career_generated_common_water_02_01,"{'zh': '未有建树', 'en': 'Untested Official'}","{'zh': '虽身居施政之职，尚不识治民之法。', 'en': 'Although ready to govern, there is a world of knowledge they yet need to know.'}",,,,
3k_dlc06_ceo_node_career_generated_common_water_02_02,"{'zh': '乐善好施', 'en': 'Accommodating Official'}","{'zh': '宽以恤民，政致康乂。', 'en': 'If it is within their power, they will do it, for the benefit of the people.'}",,,,
3k_dlc06_ceo_node_career_generated_common_water_02_03,"{'zh': '宽仁官吏', 'en': 'Magnanimous Official'}","{'zh': '心存善念的掌权之人方能泽后人之惠，惟愿其恶念不生，恶缘不兴……', 'en': 'Those with both power and good intent can do wonderful things should they succeed in keeping evil thoughts at bay...'}",,,,
3k_dlc06_ceo_node_career_generated_common_wood_01_01,"{'zh': '精打细算', 'en': 'Thrifty Leader'}","{'zh': '常言道，俭能留财。', 'en': 'A coin not spent is a coin saved, they always say.'}",,,,
3k_dlc06_ceo_node_career_generated_common_wood_01_02,"{'zh': '机敏领袖', 'en': 'Resourceful Leader'}","{'zh': '能白手起家，从无到有，或许是身为父母官最珍贵的才能。', 'en': 'It is known that as a leader, a valuable skill is conjuring something from nothing.'}",,,,
3k_dlc06_ceo_node_career_generated_common_wood_01_03,"{'zh': '物阜民熙', 'en': 'Providing Leader'}","{'zh': '所得之尽皆用之于民，此之谓爱民如子。', 'en': 'What can be sourced by this leader is then shared with their people; that is true leadership.'}",,,,
3k_dlc06_ceo_node_career_generated_common_wood_02_01,"{'zh': '政令生疏', 'en': 'Untried Bureaucrat'}","{'zh': '知之为知之，然则知之并非治之。', 'en': 'The ways of governance are known to them, in theory. In practice, however…'}",,,,
3k_dlc06_ceo_node_career_generated_common_wood_02_02,"{'zh': '行之有法', 'en': 'Practiced Bureaucrat'}","{'zh': '时间与经验将初入官署的愣头青熬成了能吏。', 'en': 'Time and experience have turned this once-green would-be into a skilled manager of affairs.'}",,,,
3k_dlc06_ceo_node_career_generated_common_wood_02_03,"{'zh': '经世之材', 'en': 'Economical Bureaucrat'}","{'zh': '精明的眼光与敏锐的洞察成就经世治国之才。', 'en': 'A shrewd, keen eye lends itself well to the business of governing, and managing economic interests.'}",,,,
3k_dlc06_ceo_node_career_generated_exceptional_earth_01,"{'zh': '乡间理事', 'en': 'Basic Steward'}","{'zh': '此人虽无赫赫之功，却也尽力令治下百姓安居乐业。', 'en': 'To maintain the household. That is their job. Nothing more.'}",,,,
3k_dlc06_ceo_node_career_generated_exceptional_earth_02,"{'zh': '处置有方', 'en': 'Experienced Steward'}","{'zh': '官场经验日丰，治民之职亦日重。', 'en': 'As a steward gains in experience, so too do their responsibilities over the estate they manage.'}",,,,
3k_dlc06_ceo_node_career_generated_exceptional_earth_03,"{'zh': '国之栋梁', 'en': 'Veteran Steward'}","{'zh': '国之重臣当以一己之身侍奉国是，代天子稳江山，安社稷。', 'en': ""Such is the steward's skill, that they essentially own the estate in lieu of the true lord of the land.""}",,,,
3k_dlc06_ceo_node_career_generated_exceptional_fire_01,"{'zh': '初掌事务 ', 'en': 'Novice Chieftain '}","{'zh': '孔子曰：道之以德。奈何此人行事并无章法。', 'en': 'To be chieftain is to command respect, and this chief... barely does.'}",,,,
3k_dlc06_ceo_node_career_generated_exceptional_fire_02,"{'zh': '英明酋首', 'en': 'Skilled Chieftain'}","{'zh': '天道酬勤，此人成为一族之长绝非受他人恩惠或运气使然。', 'en': 'This chieftain has endured not through luck or favour, but a skill all their own.'}",,,,
3k_dlc06_ceo_node_career_generated_exceptional_fire_03,"{'zh': '威慑四方', 'en': 'Powerful Chieftain'}","{'zh': '真正的酋长可力拔山河，威不可测，部民皆数拜伏。', 'en': 'Strength defines a true chief, and strength also defines this one.'}",,,,
3k_dlc06_ceo_node_career_generated_exceptional_metal_01,"{'zh': '寻常守将', 'en': 'Basic Bastion'}","{'zh': '惜乎，守军志气虽立，然御敌工事不坚。', 'en': 'The will to protect is often far stronger than the actual ability to do so.'}",,,,
3k_dlc06_ceo_node_career_generated_exceptional_metal_02,"{'zh': '守若铁壁', 'en': 'Resilient Bastion'}","{'zh': '沙场磨砺，战火淬炼。此人已熟稔虚实兼用，防守御敌游刃有余。', 'en': 'Time, effort, and many battles, has made this one a resilient wall against foes.'}",,,,
3k_dlc06_ceo_node_career_generated_exceptional_metal_03,"{'zh': '稳若泰山', 'en': 'Expert Bastion '}","{'zh': '坚定不移，寸土不让。', 'en': 'They move for no-one.'}",,,,
3k_dlc06_ceo_node_career_generated_exceptional_water_01,"{'zh': '羽翼未丰', 'en': 'Initiate Commander'}","{'zh': '此子首次领兵，不当大任。不过略识兵法尔，毛羽不丰。', 'en': 'They have a smattering of elemental strategy, but no more.'}",,,,
3k_dlc06_ceo_node_career_generated_exceptional_water_02,"{'zh': '足智多谋', 'en': 'Guileful Commander'}","{'zh': '审时度势、戒骄戒躁、越挫越勇，方知何为战。', 'en': 'Study and patience, and more than a few defeats, have given this commander a greater knowledge of war.'}",,,,
3k_dlc06_ceo_node_career_generated_exceptional_water_03,"{'zh': '挥斥方遒', 'en': 'Artful Commander'}","{'zh': '此人堪当今世统帅之楷模。', 'en': 'They are the very model of a modern major general.'}",,,,
3k_dlc06_ceo_node_career_generated_exceptional_wood_01,"{'zh': '血性领袖', 'en': 'Eager Leader'}","{'zh': '未经战阵，技艺不精，惟以一腔热血补之。', 'en': 'What they lack in quantifiable experience they make up for with sheer enthusiasm.'}",,,,
3k_dlc06_ceo_node_career_generated_exceptional_wood_02,"{'zh': '果决坚定', 'en': 'Resolute Leader'}","{'zh': '其志之坚，坚如磐石，无可撼动。', 'en': 'Once their mind is made up, it can be staggeringly difficult to alter their course.'}",,,,
3k_dlc06_ceo_node_career_generated_exceptional_wood_03,"{'zh': '总揽大局', 'en': 'Masterful Leader'}","{'zh': '战场亦如商场，任凭其统筹谋划。', 'en': 'War is their business, and business – it seems – is good.'}",,,,
3k_dlc06_ceo_node_career_generated_rare_earth_01,"{'zh': '初入官场', 'en': 'Apprentice Executive'}","{'zh': '此子犹须勤学，若是悉心栽培，花费些光景，可成大器。', 'en': 'They have much to learn. But with an abundance of time – and the right tutelage – they could be a contender for greatness.'}",,,,
3k_dlc06_ceo_node_career_generated_rare_earth_02,"{'zh': '老成公吏', 'en': 'Tested Executive'}","{'zh': '世人只夸其知人善用，却不知其为辨材增损之岁月。', 'en': 'To manage people is to know people. And to know people is the work of many hard years.'}",,,,
3k_dlc06_ceo_node_career_generated_rare_earth_03,"{'zh': '治世循吏', 'en': 'Superior Executive'}","{'zh': '需得奋身独步，方能成为非常之人。或慷慨解囊，或杀人如麻，皆为登顶之途。', 'en': 'They have come far because they worked at it, being generous where they could, and ruthless when they needed to be.'}",,,,
3k_dlc06_ceo_node_career_generated_rare_fire_01,"{'zh': '鲁莽冒进', 'en': 'Reckless Vanguard'}","{'zh': '此人擅以战意补足战技之缺，然则其战技亦不可小觑。', 'en': 'If they lack anything in skill – and it is not to say they do – then it is compensated greatly by pure verve.'}",,,,
3k_dlc06_ceo_node_career_generated_rare_fire_02,"{'zh': '斗志昂扬', 'en': 'Energetic Vanguard'}","{'zh': '经年累月的杀戮早已将怜悯之心冲刷殆尽。冲锋陷阵时，唯有蛮狠与无情的怒火如影随形。', 'en': ""Years of war have worn this one's mercy down to all but nothing – brutal, unrelenting fury follows their charge.""}",,,,
3k_dlc06_ceo_node_career_generated_rare_fire_03,"{'zh': '冷酷先锋', 'en': 'Ruthless Vanguard'}","{'zh': '此生为战尔，力战而亡，死得其所！', 'en': 'The fight is all that matters – if their life is to be forfeit, so be it!'}",,,,
3k_dlc06_ceo_node_career_generated_rare_metal_01,"{'zh': '纸上谈兵', 'en': 'Untried Strategist'}","{'zh': '初出茅庐的谋士，战前纸上谈兵，阵中方寸大乱。', 'en': ' They understand what they can, but falter in situations beyond that which they have studied.'}",,,,
3k_dlc06_ceo_node_career_generated_rare_metal_02,"{'zh': '深谋远虑', 'en': 'Prepared Strategist'}","{'zh': '战争的残酷磨砺出其不曾有的锋芒。', 'en': 'The reality of war has given them an edge that hitherto they were lacking.'}",,,,
3k_dlc06_ceo_node_career_generated_rare_metal_03,"{'zh': '铁血军将', 'en': 'Merciless Strategist'}","{'zh': '若由其谋划军势，则众将士不过傀儡棋子，随时沦为弃子。', 'en': 'The framework of war is theirs to command now, and they manipulate with callous disregard for the cost.'}",,,,
3k_dlc06_ceo_node_career_generated_rare_water_01,"{'zh': '初临战阵', 'en': 'Novice Captain'}","{'zh': '战场便是血勇之人和沙场老兵的舞台。然而，谁人都有初次亮相的时候。', 'en': 'War is the business of the blooded and tested, but they all have to start somewhere.'}",,,,
3k_dlc06_ceo_node_career_generated_rare_water_02,"{'zh': '兵贵神速', 'en': 'Efficient Captain'}","{'zh': '气魄不显，刚猛不足，亦难掩其破敌之神速。', 'en': ""Some may say this captain lacks a certain flair and bloody streak, but nobody says they don't get the job done quickly.""}",,,,
3k_dlc06_ceo_node_career_generated_rare_water_03,"{'zh': '悍勇无双', 'en': 'Unmatched Captain'}","{'zh': '这员猛将一身本领出神入化，游走战场之间，竟是无人能敌。', 'en': 'Nobody has a greater skill and speed for the business of battle than this one.'}",,,,
3k_dlc06_ceo_node_career_generated_rare_wood_01,"{'zh': '未经刀兵', 'en': 'Unbloodied Fighter'}","{'zh': '空有求战之志，却不曾见识刀兵之残忍……', 'en': 'One can have the desire to fight, in theory, but have very little understanding of what it actually entails…'}",,,,
3k_dlc06_ceo_node_career_generated_rare_wood_02,"{'zh': '久经战阵', 'en': 'Enduring Fighter'}","{'zh': '久经战阵之人早已深谙持久之道，鏖战不止，乃至超越极限。', 'en': 'What marks this one apart from the others is their ability to continue fighting, long after it is reasonable to stop.'}",,,,
3k_dlc06_ceo_node_career_generated_rare_wood_03,"{'zh': '疆场虎将', 'en': 'Redoubtable Fighter'}","{'zh': '此将宛若一尊杀神，兵刃高举，将恐惧与怯懦刻入敌军心底。', 'en': 'To see them on the battlefield, weapons drawn, is to inspire fear and retreat in the heart of any who face them.'}",,,,
3k_dlc06_ceo_node_career_historical_shi_hui_01,"{'zh': '空有雄心', 'en': 'Naively Ambitious'}","{'zh': '此人眼中空有权力，却不知掌权之道。', 'en': 'This one sees only power, and never the way to it.'}",,,,
3k_dlc06_ceo_node_career_historical_shi_kuang_01,"{'zh': '铮骨谋臣', 'en': 'Unbiased Advisor'}","{'zh': '此人秉持公允之道，虽致主公愠怒仍能铮铮直言。', 'en': 'This advisor will always speak objectively, even if it draws the ire of the powerful.'}",,,,
3k_dlc06_ceo_node_career_historical_shi_wei_01,"{'zh': '即鹿无虞', 'en': 'Rash Judge'}","{'zh': '决断必当审慎客观，但……', 'en': 'Judgement should never be swift or subjective; and yet…'}",,,,
3k_dlc06_ceo_node_career_historical_shi_xin_01,"{'zh': '士家忠良', 'en': 'Faithful of Shi'}","{'zh': '对大业须全情投入，否则与叛主无异。', 'en': 'There must be only total devotion to the cause; anything less is as good as treason.'}",,,,
3k_dlc06_ceo_node_career_historical_shi_zhi_01,"{'zh': '非长非幼', 'en': 'The Middle Child'}","{'zh': '夹在长兄与幼弟之间，是否比死还难受？', 'en': 'To be stuck between the oldest and the youngest – a fate worse than death?'}",,,,
3k_main_ceo_node_career_generated_agent_earth_01,"{'zh': '传道布训', 'en': 'Preacher'}","{'zh': '此人笃信其道，四处传布，纵使道外之人，亦为之心动', 'en': 'A zealously made point, delivered with wild-eyed conviction, can inspire and incite even the staunchest non-believer.'}",,,,
3k_main_ceo_node_career_generated_agent_fire_01,"{'zh': '避实击虚', 'en': 'Guerrilla'}","{'zh': '「贼军虽数倍于我，若出奇兵，必能制胜！」', 'en': '""We might be vastly outnumbered, but never underestimate the element of surprise!""'}",,,,
3k_main_ceo_node_career_generated_agent_metal_01,"{'zh': '府中耳目', 'en': 'Agent'}","{'zh': '“我有使命在身，成事与否关乎我的荣誉。让开吧。”', 'en': '""I am charged with a duty that I am honour-bound to prosecute. Stand aside.""'}",,,,
3k_main_ceo_node_career_generated_agent_water_01,"{'zh': '操纵自如', 'en': 'Manipulator'}","{'zh': '此人隐于幕后操纵一切，精通阴谋诡计', 'en': 'Always working behind the scenes, this individual is a master of intrigue.'}",,,,
3k_main_ceo_node_career_generated_agent_wood_01,"{'zh': '当地豪杰', 'en': 'Local Hero'}","{'zh': '不是所有的英雄都会穿铠甲，不过有些还是会穿的。', 'en': 'Not all heroes wear armour. But some, also, do.'}",,,,
3k_main_ceo_node_career_generated_envoy_earth_01,"{'zh': '亲遣质任', 'en': 'Outsider'}","{'zh': '此人虽被对方家族接纳，但仍如涸辙之鲋', 'en': 'Accepted by their surrogate family, but nevertheless still a fish out of water.'}",,,,
3k_main_ceo_node_career_generated_envoy_fire_01,"{'zh': '激昂慷慨', 'en': 'Militant'}","{'zh': '刀兵将至，备者先行', 'en': 'When war comes, those who stay ready are first to be called.'}",,,,
3k_main_ceo_node_career_generated_envoy_metal_01,"{'zh': '研桑心计', 'en': 'Trader'}","{'zh': '此人行商长袖善舞，颇有端木遗风', 'en': 'People-skills, coupled to an aptitude for business, make this one a crafty merchant indeed.'}",,,,
3k_main_ceo_node_career_generated_envoy_water_01,"{'zh': '奇谋百出', 'en': 'Advisor'}","{'zh': '谗言乃大敌，知己乃挚友', 'en': 'There is no worse enemy than bad advice, and few better friends than a wise confidant.'}",,,,
3k_main_ceo_node_career_generated_envoy_wood_01,"{'zh': '一乡之长', 'en': 'Village Chief'}","{'zh': '此人坚贞自信，可治一村', 'en': 'To lead a community takes confidence, focus and integrity, which this one has in abundance.'}",,,,
3k_main_ceo_node_career_generated_general_earth_01,"{'zh': '决胜千里', 'en': 'Officer'}","{'zh': '虎将治军，匹夫亦可战；匹夫为帅，虎将不能行', 'en': 'It is better to have an army of donkeys led by a tiger, than an army of tigers led by a donkey.'}",,,,
3k_main_ceo_node_career_generated_general_fire_01,"{'zh': '勇冠三军', 'en': 'Warrior'}","{'zh': '氓隶之辈亦可奋兵而战，然凛然向死者，真勇士也', 'en': 'Any simpleton can wield a weapon and fight, but a resolute acceptance of death marks out the true warrior.'}",,,,
3k_main_ceo_node_career_generated_general_metal_01,"{'zh': '坚守不屈', 'en': 'Guard'}","{'zh': '此人刚毅坚强，尽忠职守', 'en': 'A stalwart protector, they never fall asleep at their post.'}",,,,
3k_main_ceo_node_career_generated_general_water_01,"{'zh': '运筹帷幄', 'en': 'Tactician'}","{'zh': '每逢战事，此人必先行侦查，免遭敌军破袭之苦', 'en': 'When it comes to strategy and battlefield manoeuvres, the devil is very much in the detail.'}",,,,
3k_main_ceo_node_career_generated_general_wood_01,"{'zh': '百战民兵', 'en': 'Militia Veteran'}","{'zh': '「十五从军征，八十始得归...」兵老知多，战多识广；欲问兵戈，此为良师。', 'en': 'This veteran has seen it all, done it all, and he will almost certainly tell you about it, given the chance.'}",,,,
3k_main_ceo_node_career_generated_governor_earth_01,"{'zh': '泰平卫士', 'en': 'Peacekeeper'}","{'zh': '不惜一切，捍卫和平', 'en': 'Conflict must be prevented by any means necessary.'}",,,,
3k_main_ceo_node_career_generated_governor_fire_01,"{'zh': '鹰犬耳目', 'en': 'Inspector'}","{'zh': '此人见微知著，任上总能明察秋毫', 'en': 'Paying close attention to detail, this one is always aware of the goings-on in their jurisdiction.'}",,,,
3k_main_ceo_node_career_generated_governor_metal_01,"{'zh': '主簿佐吏', 'en': 'Clerk'}","{'zh': '勤学苦练，方可字句无遗', 'en': 'An expert notary, they know that effective record-keeping is only achieved through stubborn diligence.'}",,,,
3k_main_ceo_node_career_generated_governor_water_01,"{'zh': '饱学多才', 'en': 'Academic'}","{'zh': '此人孜孜不倦，深晓经论', 'en': 'This one sees the value of institutionalised learning, and has embraced it.'}",,,,
3k_main_ceo_node_career_generated_governor_wood_01,"{'zh': '躬耕田野', 'en': 'Farmer'}","{'zh': '「血汗厩肥，耕稼之苦」', 'en': '""This is what real hard work smells like – blood, sweat and animal faeces.""'}",,,,
3k_main_ceo_node_career_generated_minister_earth_01,"{'zh': '明镜高悬', 'en': 'Magistrate'}","{'zh': '此人以法而治，宫府之事自是手到擒来', 'en': 'An important cog of law administration, who is no stranger to the pressures of bureaucracy.'}",,,,
3k_main_ceo_node_career_generated_minister_fire_01,"{'zh': '通同结党', 'en': 'Partisan'}","{'zh': '此人信念笃定，处事甚是偏执', 'en': 'Always led by conviction, this one exhibits clear bias in their opinions.'}",,,,
3k_main_ceo_node_career_generated_minister_metal_01,"{'zh': '裒刻征敛', 'en': 'Tax Collector'}","{'zh': '税吏征敛，民以为害，实乃不得不行之事', 'en': 'Tax collection is a necessary evil, as are its instruments.'}",,,,
3k_main_ceo_node_career_generated_minister_water_01,"{'zh': '无所偏私', 'en': 'Mediator'}","{'zh': '敌军纵使趁夜来袭，此人亦可观而察之', 'en': 'This person knows how to divide the cake in such a way that everyone believes they have the biggest slice.'}",,,,
3k_main_ceo_node_career_generated_minister_wood_01,"{'zh': '勤孝虔恭', 'en': 'Filial & Pious'}","{'zh': '「夫孝，德之本也，教之所由生也」', 'en': '""Respect for parents, elders, and ancestors is the root of all virtue, the stem from which all moral teachings grow.""'}",,,,
3k_main_ceo_node_career_generated_villager_earth_01,"{'zh': '明侦密访', 'en': 'Scout'}","{'zh': '每逢战事，此人必先行侦查，免遭敌军破袭之苦', 'en': 'Ranging forward, this general guards the troops against threats from without.'}",,,,
3k_main_ceo_node_career_generated_villager_fire_01,"{'zh': '弯弓纵猎', 'en': 'Hunter'}","{'zh': '控弦破左的，右发摧月支', 'en': 'Expert with the bow, they are able to strike their quarry from quite a distance.'}",,,,
3k_main_ceo_node_career_generated_villager_metal_01,"{'zh': '严行警哨', 'en': 'Lookout'}","{'zh': '敌军纵使趁夜来袭，此人亦可观而察之', 'en': 'Keen eyesight enables this person to spot the enemy clearly, even under cover of night.'}",,,,
3k_main_ceo_node_career_generated_villager_water_01,"{'zh': '学富五车', 'en': 'Savant'}","{'zh': '此人才华惊世骇俗，古今无两。', 'en': 'A most prodigious talent, beyond anything anyone has ever seen.'}",,,,
3k_main_ceo_node_career_generated_villager_wood_01,"{'zh': '劳工出身', 'en': 'Labourer'}","{'zh': '辛勤己事，便利万家。世事循环皆是如此。', 'en': ""They toil so that others don't have to, presumably. It is the order of things.""}",,,,
3k_main_ceo_node_career_historical_cai_mao_01,"{'zh': '舟师纵横', 'en': 'Competent Sailor'}","{'zh': '蔡瑁善水战，乃水中幼蛟，前途可期。', 'en': 'Cai Mao is adept of naval combat, and a budding admiral.'}",,,,
3k_main_ceo_node_career_historical_cao_ang_01,"{'zh': '丰愍王', 'en': 'Prince Min'}","{'zh': '生当为长兄，死亦为英烈。', 'en': 'Cao Ang’s fate is to one day be prince of the House of Cao, be it in life or in death.'}",,,,
3k_main_ceo_node_career_historical_cao_cao_01,"{'zh': '乱世奸雄', 'en': 'Strategic Mastermind'}","{'zh': '曹操狡谲，乘他人鹬蚌相持之际从中渔利', 'en': 'The wily Cao Cao sees opportunity in the hardships of others, skewing things to his advantage.'}",,,,
3k_main_ceo_node_career_historical_cao_pi_01,"{'zh': '庙堂龙犬', 'en': 'Political Animal'}","{'zh': '「疆场之上，一死而已；宫府之间，千生不足」', 'en': '""In war, you can only be killed once, but in politics, many times.""'}",,,,
3k_main_ceo_node_career_historical_cao_ren_01,"{'zh': '弓马弋猎', 'en': 'Brave Hunter'}","{'zh': '曹仁少好弓马弋猎，智勇无畏，堪称将才', 'en': 'The skills of a fearless outdoorsman – horse-riding, archery, and hunting – make Cao Ren a valued battlefield ally.'}",,,,
3k_main_ceo_node_career_historical_chen_gong_01,"{'zh': '有智而迟', 'en': 'Master Magistrate'}","{'zh': '陈宫有智而迟，大义持而后彰', 'en': 'Chen Gong knows that even great men are imperfect, and righteousness is often not immediately obvious.'}",,,,
3k_main_ceo_node_career_historical_cheng_pu_01,"{'zh': '荡寇将军', 'en': 'Bandit Killer'}","{'zh': '荡寇将军自负胆气，平扫万难', 'en': ""The General of the Household Who Defeats Bandits' is living proof that bravery can overcome adversity.""}",,,,
3k_main_ceo_node_career_historical_dian_wei_01,"{'zh': '古之恶来', 'en': 'Brute of Unmatched Power'}","{'zh': '「真乃古之恶来也！」', 'en': '""Such prowess! This is old Elai again!""'}",,,,
3k_main_ceo_node_career_historical_dong_zhuo_01,"{'zh': '狼戾贼忍', 'en': 'Cruel Tyrant'}","{'zh': '董卓欺君弄权，贪得无厌', 'en': ""Consumed by his hunger for power, Dong Zhuo's despotism knows no bounds.""}",,,,
3k_main_ceo_node_career_historical_fa_zheng_01,"{'zh': '睚眦必报', 'en': 'Vindictive Strategist'}","{'zh': '法正虽睚眦而必报，勿相为怨，免遭毁伤', 'en': 'The intelligent and vengeful Fa Zheng should not be crossed, lest you become the target of his deadly schemes.'}",,,,
3k_main_ceo_node_career_historical_gan_ning_01,"{'zh': '锦帆游侠', 'en': 'Pirate of the Bells'}","{'zh': '「孟德有张辽，孤有兴霸，足相敌也！」', 'en': '""Cao Cao may have Zhang Liao, but I have Gan Ning! Thus we are evenly matched.""'}",,,,
3k_main_ceo_node_career_historical_gao_dai,"{'zh': '精通史学', 'en': 'Master Historian'}","{'zh': '“以史为鉴，莫重蹈覆辙。”', 'en': '""There are lessons in the past; if we do not learn them, we are doomed""'}",,,,
3k_main_ceo_node_career_historical_gao_gan_01,"{'zh': '才志弘邈', 'en': 'Loyal Nephew'}","{'zh': '高干虽曾虎踞一时，然其忠心始终未泯', 'en': 'Ever the rebel, Gao Gan’s true allegiances shall only die when he does.'}",,,,
3k_main_ceo_node_career_historical_gong_du_01,"{'zh': '地统之才', 'en': 'Master of the Land'}","{'zh': '龚都绝非残虐匪类，而是有志善战之士', 'en': 'Far from being just a heartless bandit, Gong Du is a principled soldier of honour.'}",,,,
3k_main_ceo_node_career_historical_gongsun_du_01,"{'zh': '残暴不节', 'en': 'the Warlike'}","{'zh': '公孙度喋血乱战，为祸一方', 'en': 'In war, Gongsun Du does what is required of him; he revels in bloodshed and conquest.'}",,,,
3k_main_ceo_node_career_historical_gongsun_xu_01,"{'zh': '骁勇战将', 'en': 'Brave General'}","{'zh': '公孙续既知谋略，又有勇武，为守护边疆甘愿赴汤蹈火。', 'en': 'Gongsun Xu combines the tactical mind of a strategist, with the bravery and duty of a man who has risked his life on the frontlines countless times.'}",,,,
3k_main_ceo_node_career_historical_gongsun_zan_01,"{'zh': '铁腕将军', 'en': 'The Iron Fist General'}","{'zh': '镇守北疆，需控弦带甲，亦需风雷铁腕', 'en': 'Defence of the frontiers requires more than just the resources of a warlord, but also a merciless attitude.'}",,,,
3k_main_ceo_node_career_historical_guan_jing_01,"{'zh': '审时度势', 'en': 'Cautious Strategist'}","{'zh': '关靖谨慎非常，因而常被误认为懦夫，但实则是审慎明察之人。', 'en': ""Guan Jing's caution may sometimes be confused for cowardice, but its true source is observation.""}",,,,
3k_main_ceo_node_career_historical_guan_yu_01,"{'zh': '武圣', 'en': 'God of War'}","{'zh': '云长威震华夏，敢乱其大义者必斩之，真武圣也', 'en': 'A famed warrior and righteous slayer of all who dare oppose him, Guan Yu’s deification is already assured.'}",,,,
3k_main_ceo_node_career_historical_guo_jia_01,"{'zh': '鬼谋', 'en': 'Astute Advisor'}","{'zh': '郭嘉高识远见，不听其言必致败亡', 'en': 'Guo Jia is a confidant of unparalleled foresight – to ignore his counsel is to invite failure and defeat.'}",,,,
3k_main_ceo_node_career_historical_han_fu_01,"{'zh': '劝课农桑', 'en': 'Diligent Agriculturalist'}","{'zh': '韩馥劝农营田，乃使粮草运赴略无差池', 'en': 'Using his ability to manage food supplies with tireless efficiency, Han Fu is a most valuable logistician.'}",,,,
3k_main_ceo_node_career_historical_han_sui_01,"{'zh': '反复无常', 'en': 'Tireless Insurgent'}","{'zh': '韩遂跋扈经年，岂可屈居人下', 'en': 'Insurrection is in Han Sui’s blood. To him, subservience cannot be permanent.'}",,,,
3k_main_ceo_node_career_historical_he_man_01,"{'zh': '截天夜叉', 'en': 'The Most Powerful'}","{'zh': '「我乃截天夜叉何曼也！谁敢与我厮斗？」', 'en': '""I am He Man, the devil who shoots across the sky! Who dares challenge me?""'}",,,,
3k_main_ceo_node_career_historical_he_yi_01,"{'zh': '人统之才', 'en': 'Leader of the People'}","{'zh': '何仪执心坚住，劝服众人皈信正道', 'en': 'With unwavering faith, He Yi inspires others to follow in his righteous footsteps.'}",,,,
3k_main_ceo_node_career_historical_hua_xiong_01,"{'zh': '熊罴之将', 'en': 'Fierce Beast'}","{'zh': '华雄身长九尺，虎体狼腰，豹头猿臂，真乃一介猛士', 'en': 'With a head shaped like a leopard’s and ape-like shoulders, Hua Xiong’s ferocity is matched by his appearance.'}",,,,
3k_main_ceo_node_career_historical_huang_gai_01,"{'zh': '姿貌严毅', 'en': 'Unreadable Warrior'}","{'zh': '黄盖姿貌严毅，内心则忠贞无比', 'en': 'His outward demeanour belies his real allegiances – Huang Gai truly is the very definition of inscrutability.'}",,,,
3k_main_ceo_node_career_historical_huang_shao_01,"{'zh': '天统之才', 'en': 'Wielder of the Heavenly Way'}","{'zh': '欲举大义，若无渠帅则逢战必败', 'en': 'All uprisings, no matter how widespread, stand little chance of success without strong leadership.'}",,,,
3k_main_ceo_node_career_historical_huang_zhong_01,"{'zh': '廉颇之志', 'en': 'of the Ageless Strength'}","{'zh': '黄忠苍头似雪，犹显英雄，春秋于其何加焉？', 'en': 'The venerable Huang Zhong, to whom age is just a number, is frequently underestimated in battle.'}",,,,
3k_main_ceo_node_career_historical_huang_zu_01,"{'zh': '暗伏弓弩', 'en': 'Ranged Ambusher'}","{'zh': '黄祖最善百步之外阴袭敌军', 'en': 'Huang Zu likes to start offensives on the front foot, from a safe distance and out of sight.'}",,,,
3k_main_ceo_node_career_historical_huangfu_song_01,"{'zh': '汉室老将', 'en': 'Aged General'}","{'zh': '刀兵之际，历战多者为良将', 'en': 'In the brutal business of war, there is no better teacher than experience.'}",,,,
3k_main_ceo_node_career_historical_jia_long_01,"{'zh': '短视守成', 'en': 'Short-sighted Peacekeeper'}","{'zh': '贾龙多谋而少断，但仍缺乏谨慎', 'en': 'Jia Long may dedicate much time to forethought, yet still lacks caution now and then.'}",,,,
3k_main_ceo_node_career_historical_jia_xu_01,"{'zh': '文和乱武', 'en': 'The Blade in the Dark'}","{'zh': '帐中阴谋，祸乱天下', 'en': 'Decisions made in secret can have the deadliest outcomes.'}",,,,
3k_main_ceo_node_career_historical_jiang_wei_01,"{'zh': '麒麟儿', 'en': 'Budding Commander'}","{'zh': '姜维少年雄才，虽少历战阵，仍不失为凉州上士', 'en': 'Known for being an expert general despite his inexperience, Jiang Wei has a precocious talent for war.'}",,,,
3k_main_ceo_node_career_historical_kong_rong_01,"{'zh': '五经传人', 'en': 'Master Scholar'}","{'zh': '孔融博闻强记，奇逸卓荦，无愧圣人苗裔', 'en': 'Kong Rong claims descent from the great Confucius himself, attested to by his remarkable wit and scholarly fame.'}",,,,
3k_main_ceo_node_career_historical_kong_zhou_01,"{'zh': '坐而论道', 'en': 'Pure Conversationalist'}","{'zh': '孔伷清谈高论，嘘枯吹生，以此为修身之道', 'en': 'A master at the art of Qingtan, Kong Zhou utilises discussion and debate as a means of intellectual self-improvement.'}",,,,
3k_main_ceo_node_career_historical_lady_sun_01,"{'zh': '枭姬', 'en': 'The Rising Sun'}","{'zh': '正如旭日必将东升，孙仁也必将致力所愿', 'en': 'As surely as the sun rises, the Lady will always endeavour to get her way.'}",,,,
3k_main_ceo_node_career_historical_lady_zhen_01,"{'zh': '飘摇佳人', 'en': 'Elegant Survivor'}","{'zh': '在敌对派系之间生存，已是如履薄冰。而能受双方爱慕，则可说是丰功伟绩。', 'en': 'To step between warring factions is quite the task. To be loved by both? Quite the accomplishment.'}",,,,
3k_main_ceo_node_career_historical_li_han_01,"{'zh': '隐秘之主', 'en': 'Keeper of Secrets'}","{'zh': '李含善晓情资，其博学多识莫有不闻，然其所知之事实惹杀身之祸', 'en': 'Li Han draws information to himself; so well-regarded is his knowledge that he often fears his life is jeopardised by what he knows.'}",,,,
3k_main_ceo_node_career_historical_li_ru_01,"{'zh': '暗施毒计', 'en': 'Vicious Shadow'}","{'zh': '群凶祸国，必仗毒计', 'en': 'Behind every despot’s schemes is the intellect of a consummate strategist.'}",,,,
3k_main_ceo_node_career_historical_ling_tong_01,"{'zh': '果敢义士', 'en': 'Daring Errant'}","{'zh': '或鹰扬于沙场之上，或寻乐于战阵之间', 'en': 'For some men, war is a chance to prove one’s self and seek adventure.'}",,,,
3k_main_ceo_node_career_historical_liu_bei_01,"{'zh': '仁德之君', 'en': 'Virtuous Idealist'}","{'zh': '刘备世系虽难稽考，却是中山靖王之后，孝景皇帝玄孙', 'en': 'Despite having come from modest beginnings, the blood of ancient Han emperors flows through Liu Bei’s veins.'}",,,,
3k_main_ceo_node_career_historical_liu_biao_01,"{'zh': '汉室守成', 'en': 'Gentleman of the Han'}","{'zh': '刘表端庄老成，刑清国兴，无愧于汉室', 'en': 'A man seldom ruffled, Liu Biao demonstrates his aristocratic pedigree through stable officiality.'}",,,,
3k_main_ceo_node_career_historical_liu_dai_01,"{'zh': '宽厚爱民', 'en': 'Generous Attendant'}","{'zh': '刘岱性仁善，纵使宫廷之上刀光剑影，仍欲施善举，行仁政', 'en': 'In spite of the harsh realities of palace life, Liu Dai conducts himself according to his nature: with kindness and benevolence.'}",,,,
3k_main_ceo_node_career_historical_liu_xie_01,"{'zh': '孝献皇帝', 'en': 'Former Emperor'}","{'zh': '虽不再万人之上，亦当使万民太平', 'en': 'While no longer leading their people, they still strive to bring peace to the land.'}",,,,
3k_main_ceo_node_career_historical_liu_yan_01,"{'zh': '待机而动', 'en': 'Opportunistic Ruler'}","{'zh': '或观涂炭于天下，或借良机于眼前', 'en': 'Some men just want to watch the world burn, while others use the opportunities placed before them.'}",,,,
3k_main_ceo_node_career_historical_liu_yao_01,"{'zh': '民心所向', 'en': 'Welcoming Magistrate'}","{'zh': '刘繇听言称善，实则秉性贞廉，栖心淡泊', 'en': 'Liu Yao appears to be a ‘yes’ man, but is nevertheless known for his staunch incorruptibility.'}",,,,
3k_main_ceo_node_career_historical_liu_yu_01,"{'zh': '和戎互市', 'en': 'Prosperous Trader'}","{'zh': '刘虞广开胡市之利，民悦年登，府库充盈', 'en': 'Liu Yu’s rapport with foreigners and minorities has enabled him to amass considerable wealth from trade.'}",,,,
3k_main_ceo_node_career_historical_liu_zhang_01,"{'zh': '闭隘养力', 'en': 'Proponent of Peace'}","{'zh': '刘璋虽暗懦，然国富民盛，守之以恩，无所得罪也', 'en': 'A timid and suspicious noble, Liu Zhang displays a willingness to avoid war, even if that means surrender.'}",,,,
3k_main_ceo_node_career_historical_lu_bu_01,"{'zh': '无双飞将', 'en': 'Warrior Without Equal'}","{'zh': '吕布有虓虎之勇，而无英奇之略，轻狡反复，唯利是视', 'en': 'With unpredictable loyalty and unsurpassed martial skill, Lü Bu is the most dangerous warrior beneath the heavens.'}",,,,
3k_main_ceo_node_career_historical_lu_fan_01,"{'zh': '围棋名手', 'en': 'Go Master'}","{'zh': '围棋非唯演兵棋盘之上，弈者远见，得窥一二', 'en': 'Go is not just an abstract game of strategy – it is a measure of one’s aptitude in tactical forethought.'}",,,,
3k_main_ceo_node_career_historical_lu_meng_01,"{'zh': '刮目相看', 'en': 'Late Scholar'}","{'zh': '晚成之器，识略英博，非复吴下阿蒙', 'en': 'Despite becoming literate late on in his career, Lü Meng has proved himself a most able scholar. '}",,,,
3k_main_ceo_node_career_historical_lu_su_01,"{'zh': '性好施与', 'en': 'Charitable Envoy'}","{'zh': '鲁肃家境殷实，性好施与，足以折冲樽俎，纵横捭阖', 'en': 'Ever the philanthropic diplomat, Lu Su’s affluence empowers his charitable nature.'}",,,,
3k_main_ceo_node_career_historical_lu_xun_01,"{'zh': '出将入相', 'en': 'Scholar General'}","{'zh': '陆逊入则治政安民，出则整军经武', 'en': 'Equal parts brains and brawn, Lu Xun can oversee both civil and military matters.'}",,,,
3k_main_ceo_node_career_historical_ma_chao_01,"{'zh': '锦马超', 'en': 'Most-brilliant Warrior'}","{'zh': '面如冠玉，眼若流星，人言「锦马超」，名不虚传！', 'en': 'With a complexion like jade and eyes like shooting stars, Ma Chao is a warrior truly brilliant in appearance.'}",,,,
3k_main_ceo_node_career_historical_ma_dai_01,"{'zh': '阵中兄弟', 'en': 'Fraternal Warrior'}","{'zh': '于马岱而言，血亲宗族，重于泰山', 'en': 'There are few things more important to Ma Dai than bloodline and family.'}",,,,
3k_main_ceo_node_career_historical_ma_teng_01,"{'zh': '镇守西陲', 'en': 'Protector of the West'}","{'zh': '马腾待友至诚，但他仍对汉朝之敌毫无怜悯', 'en': ""Ma Teng may treat his friends well, but he remains merciless with the Han's enemies.""}",,,,
3k_main_ceo_node_career_historical_mi_zhu_01,"{'zh': '可靠良吏', 'en': 'Dependable Administrator'}","{'zh': '时值季世，人心思乱，而糜竺独秉忠贞', 'en': 'In these interesting times of fluctuating allegiances, the steadfast loyalty of Mi Zhu can always be relied upon.'}",,,,
3k_main_ceo_node_career_historical_pang_de_01,"{'zh': '白马将军', 'en': 'White Horse General'}","{'zh': '庞德戎昭果毅，敌者必讨', 'en': 'Pang De is an unrelenting force, whose avowed enemies know they must face him sooner or later.'}",,,,
3k_main_ceo_node_career_historical_pang_tong_01,"{'zh': '凤雏', 'en': 'Fledgling Phoenix'}","{'zh': '士元士元，士之魁元，起于晦暗，光于君前', 'en': ""Having risen from the ashes of obscurity, the 'Crown of Learned Men' is an advisor of the highest esteem.""}",,,,
3k_main_ceo_node_career_historical_pei_yuanshao_01,"{'zh': '忠勇先驱', 'en': 'Virtuous Outrider'}","{'zh': '无论率匪领兵，皆当以身作则，身先士卒', 'en': 'Whether in charge of brigands or soldiers, one must lead by example, always riding at the head of the host.'}",,,,
3k_main_ceo_node_career_historical_shi_huang,"{'zh': '江东雅士', 'en': 'Southern Gentleman'}","{'zh': '“若无大才，那就好生呆着吧。”', 'en': '""If you can\'t run with the big dogs, stay beneath your rock""'}",,,,
3k_main_ceo_node_career_historical_shi_wu,"{'zh': '珠江之卫', 'en': 'Warden of the Pearl River'}","{'zh': '“我等镇守此地多年，敌若来犯，必诛之！”', 'en': '""We have long observed these lands, and our enemies challenge us at their peril!""'}",,,,
3k_main_ceo_node_career_historical_shi_xie_01,"{'zh': '士府君', 'en': 'Governor Shi'}","{'zh': '士燮学问优博，达于从政，雄长一州，威尊无上', 'en': 'With his long and distinguished record of sophisticated service, Shi Xie is destined for stately eminence.'}",,,,
3k_main_ceo_node_career_historical_shi_yi,"{'zh': '偏安太守', 'en': 'Complacent Administrator'}","{'zh': '“我不畸轻畸重。”', 'en': '""I have no strong feelings one way or the other.""'}",,,,
3k_main_ceo_node_career_historical_sima_yi_01,"{'zh': '鹰视狼顾', 'en': 'Silver Eminence'}","{'zh': '「能战则战，不战则守，不守则走。余者，唯降与死尔！」', 'en': '""If you cannot fight, defend. If you cannot defend, flee. If you cannot flee, surrender. If you cannot surrender, die!""'}",,,,
3k_main_ceo_node_career_historical_sun_ce_01,"{'zh': '小霸王', 'en': 'The Little Conqueror'}","{'zh': '众人皆呼孙策为小霸王，此人少年统军，将才非凡', 'en': 'Sun Ce has been likened to the warrior-kings of old, with an aptitude for military leadership that belies his youth.'}",,,,
3k_main_ceo_node_career_historical_sun_jian_01,"{'zh': '江东之虎', 'en': 'Tiger of Jiangdong'}","{'zh': '孙坚盖孙武之后，韬略勇武，不输先祖', 'en': 'Claiming ancestry with the renowned military strategist Sun Tzu, the fearless Sun Jian has war flowing through his veins.'}",,,,
3k_main_ceo_node_career_historical_sun_qian_01,"{'zh': '无比忠心', 'en': 'Upstanding Loyalist'}","{'zh': '孙乾一诺，五岳为轻', 'en': 'Sun Qian’s word is an unwavering bond.'}",,,,
3k_main_ceo_node_career_historical_sun_quan_01,"{'zh': '碧眼儿', 'en': 'Emerald-eyed Administrator'}","{'zh': '孙权形貌奇伟，骨体不恒，有大贵之表，年又最寿', 'en': 'Striking looks and a sturdy frame betokens Sun Quan’s great nobility, heroism and longevity.'}",,,,
3k_main_ceo_node_career_historical_taishi_ci_01,"{'zh': '勇健名将', 'en': 'of Exceptional Dexterity'}","{'zh': '太史慈弓马娴熟，武艺无不精通', 'en': 'From horse-riding to archery, Taishi Ci excels in all manner of physical pursuits.'}",,,,
3k_main_ceo_node_career_historical_tao_qian_01,"{'zh': '仁厚长者', 'en': 'Benevolent Arbiter'}","{'zh': '外慕声名，内非真正，待人虽厚，其势必薄', 'en': 'Tao Qian may be a highly influential and ambitious figure, but expansionism is not on his personal agenda.'}",,,,
3k_main_ceo_node_career_historical_wang_lang_01,"{'zh': '高才博雅', 'en': 'Ardent Educator'}","{'zh': '叔季之世，教化陵迟，王朗仍孜孜传学，勤勉不已', 'en': 'A keen imparter of knowledge, even when it is neither wanted nor welcome.'}",,,,
3k_main_ceo_node_career_historical_wang_xiu_01,"{'zh': '烈义英雄', 'en': 'The Righteous Hero'}","{'zh': '王修烈义人尽皆知，其所侍之主无不赞其忠勇仗义', 'en': 'Never can it be said that Wang Xiu was ever disloyal, dishonourable or unwilling to come to the aid of those he serves.'}",,,,
3k_main_ceo_node_career_historical_wei_yan_01,"{'zh': '反骨虎狼', 'en': 'Disobedient Tiger'}","{'zh': '魏延脑后有反骨，食其禄而杀其主，是不忠也；居其土而献其地，是不义也', 'en': 'For the distrustful Wei Yan, a violent betrayal always simmers below the surface.'}",,,,
3k_main_ceo_node_career_historical_wen_chou_01,"{'zh': '气焰灼天', 'en': 'Fierce Firebrand'}","{'zh': '「若吾上将文丑在此，必无忧矣！」', 'en': '""If only Wen Chou were here, I’d have nothing to fear!""'}",,,,
3k_main_ceo_node_career_historical_wu_huan,"{'zh': '江东乱党', 'en': 'Southern Rebel'}","{'zh': '“你或许能占了我的土地，但你永远夺不走我的自由！你真的做得到吗？”', 'en': '""You can take my lands, but you\'ll never take my freedom. Oh, oh you actually can?""'}",,,,
3k_main_ceo_node_career_historical_xiahou_dun_01,"{'zh': '急烈悍将', 'en': 'Hot-headed Officer'}","{'zh': '夏侯惇以烈气闻，知之者莫与为敌', 'en': 'Those who know Xiahou Dun know not to get on his bad side.'}",,,,
3k_main_ceo_node_career_historical_xiahou_dun_02,"{'zh': '独眼孤狼', 'en': 'The One-eyed Exile'}","{'zh': '「此人单是左目中箭后所为之事，便让人不寒而栗……」', 'en': '""You really don\'t want to know what he did with his eye after losing it to that arrow…""'}",,,,
3k_main_ceo_node_career_historical_xiahou_yuan_01,"{'zh': '千里袭人', 'en': 'Maker of Ways'}","{'zh': '典军校尉夏侯渊，三日五百，六日一千', 'en': 'When it comes to military logistics, where there’s a will, Xiahou Yuan has a way.'}",,,,
3k_main_ceo_node_career_historical_xu_chu_01,"{'zh': '虎痴', 'en': 'Tiger Fool'}","{'zh': '许褚性谨慎奉法，质重少言，实乃虎狼之士也', 'en': 'Xu Chu is a man of simple thoughts and principles, but an impressive warrior who fights with a bestial rage.'}",,,,
3k_main_ceo_node_career_historical_xu_gong,"{'zh': '激愤臣属', 'en': 'Resentful Underling'}","{'zh': '“此仇必报，休要得意！”', 'en': '""One day you\'ll see, oh you\'ll see, you\'ll ALL see!""'}",,,,
3k_main_ceo_node_career_historical_xu_huang_01,"{'zh': '铁壁将军', 'en': 'Guardian of the Gates'}","{'zh': '徐晃为守，不动如山，欲避其锋芒亦属难事', 'en': 'When assigned to guardianship, Xu Huang is an immovable sentinel, requiring a tremendous effort to bypass.'}",,,,
3k_main_ceo_node_career_historical_xu_shu_01,"{'zh': '缄口无言', 'en': 'Disguised Diplomat'}","{'zh': '身在曹营心在汉', 'en': 'His body may be in one place, but his heart is in quite another.'}",,,,
3k_main_ceo_node_career_historical_xu_zhao,"{'zh': '高尚守护', 'en': 'Gracious Protector'}","{'zh': '“躲到我身后！”', 'en': '""Get behind me!""'}",,,,
3k_main_ceo_node_career_historical_xun_you_01,"{'zh': '贤辅君子', 'en': 'Gentleman Attendant'}","{'zh': '荀攸劳心智士，可谓算无遗策', 'en': 'A member of the learned scholar-gentry, Xun You is a profound thinker of great insight.'}",,,,
3k_main_ceo_node_career_historical_xun_yu_01,"{'zh': '王佐之才', 'en': ""Hegemon's Aide""}","{'zh': '「此吾之子房也！」', 'en': '""Here comes my Zifang!""'}",,,,
3k_main_ceo_node_career_historical_yan_baihu,"{'zh': '东吴德王', 'en': 'The White Tiger'}","{'zh': '“德王严白虎在此，谁敢不从！”', 'en': '""I am Yan Baihu, the White Tiger, hear my roar!""'}",,,,
3k_main_ceo_node_career_historical_yan_liang_01,"{'zh': '奋勇当锋', 'en': 'Valiant Vanguard'}","{'zh': '颜良勇冠三军，河北军中倚为长城', 'en': 'A foremost general of considerable military prowess, the gutsy Yan Liang is unmatched among ordinary warriors.'}",,,,
3k_main_ceo_node_career_historical_yan_yu,"{'zh': '幼虎', 'en': 'Tiger Cub'}","{'zh': '龇牙幼虎未必能成万兽之王。', 'en': 'The most furious cub may not necessarily become the most ferocious tiger.'}",,,,
3k_main_ceo_node_career_historical_yu_jin_01,"{'zh': '毅重严整', 'en': 'Enforcer of the Law'}","{'zh': '于禁最号毅重，持军严整，以法御下，抚众则和，奉令无犯', 'en': 'As an imperious, by-the-book disciplinarian, Yu Jin rules his subordinates with fear and drilled-in obedience.'}",,,,
3k_main_ceo_node_career_historical_yuan_shang_01,"{'zh': '宠爱之子', 'en': 'Favoured Son'}","{'zh': '成为被选中之人，本身已是一种荣誉。而能够主宰自己的血脉，则可称之为天赐之福。', 'en': ""To be chosen is an accolade in its own right. To take the reigns of one's own lineage? Perhaps that is a blessing.""}",,,,
3k_main_ceo_node_career_historical_yuan_shao_01,"{'zh': '超凡将帅', 'en': 'Preeminent Commander'}","{'zh': '袁绍四世三公，自是机敏自重，心居骄慢', 'en': ""Yuan Shao's astuteness, dignity and arrogance are the mark of his ancestors, many of whom served emperors past.""}",,,,
3k_main_ceo_node_career_historical_yuan_shu_01,"{'zh': '狼贪虎视', 'en': 'Ambitious Powermonger'}","{'zh': '袁术矜名尚奇，而天性骄肆。如此是福是祸，诸君姑且看之', 'en': 'Yuan Shu is an ambitious but overconfident individual – time will tell whether such qualities shall trip him or aid his desires.'}",,,,
3k_main_ceo_node_career_historical_yue_jin_01,"{'zh': '阳平之狮', 'en': 'The Lion of Yangping'}","{'zh': '乐进容貌短小，然其胆烈善射，每战先登', 'en': 'What Yue Jin lacks in stature he makes up for in fierceness, fearlessness, and deadliness with his bow.'}",,,,
3k_main_ceo_node_career_historical_zhang_chao_01,"{'zh': '笔走龙蛇', 'en': 'Flowing Calligrapher'}","{'zh': '其书蚕头燕尾，非饱学之士不能为也', 'en': 'Such graceful skills with ink and brush are the mark a man of great education and scholarly puissance.'}",,,,
3k_main_ceo_node_career_historical_zhang_fei_01,"{'zh': '豪饮狂战', 'en': 'Drunken Brawler'}","{'zh': '「酒你先拿着…」', 'en': '""Hold my wine…""'}",,,,
3k_main_ceo_node_career_historical_zhang_he_01,"{'zh': '巧变勇将', 'en': 'Courageous General'}","{'zh': '张郃识变量，善处营陈，料战势地形，无不如计', 'en': 'Zhang He’s fearlessness enables him to retain his composure when having to adapt to unfavourable situations.'}",,,,
3k_main_ceo_node_career_historical_zhang_kai_01,"{'zh': '铲灭暴政', 'en': 'Slayer of Tyrants'}","{'zh': '「官府民贼，必遭天罚」', 'en': '""The unjust rulers of the old regime shall perish.""'}",,,,
3k_main_ceo_node_career_historical_zhang_liao_01,"{'zh': '止啼飞龙', 'en': 'The Heavenly Dragon General'}","{'zh': '张辽统御师旅，当敌制决，真大将之材也', 'en': 'The model of professionalism and organisation, Zhang Liao has heavenly leadership skills.'}",,,,
3k_main_ceo_node_career_historical_zhang_lu_01,"{'zh': '师君', 'en': 'Celestial Master'}","{'zh': '张鲁自守以平万难，如滴水而穿石', 'en': 'Just as water penetrates mountains, Zhang Lu always seeks to overcome hardness by his own accord.'}",,,,
3k_main_ceo_node_career_historical_zhang_yan_01,"{'zh': '黑山大王', 'en': 'King of Black Mountain'}","{'zh': '此人占山为王，党羽众多，世人谓之「飞燕」', 'en': ""With his scores of followers, the bandit leader known as 'Flying Swallow' wields the influence of a king.""}",,,,
3k_main_ceo_node_career_historical_zhang_yang_01,"{'zh': '等闲诸侯', 'en': 'Ignored Warlord'}","{'zh': '此人为诸侯所弃，无人信任，其命运如何，无人可知', 'en': 'What is the fate of he who is forsaken and unjustly distrusted by his fellow warlords? Only heaven knows.'}",,,,
3k_main_ceo_node_career_historical_zhao_yun_01,"{'zh': '乱世腾龙', 'en': 'Light in the Dark'}","{'zh': '赵云克定祸乱，光明洞达，自是大臣局量，不止名将而已', 'en': 'In the darkest times of war, the auras of the most resplendent warriors gleam brightest.'}",,,,
3k_main_ceo_node_career_historical_zheng_jiang_01,"{'zh': '魁首', 'en': 'Bandit Queen'}","{'zh': '郑姜大掠四海，其猛烈不言自明', 'en': 'Hell-bent on plunder, Zheng Jiang goes to unspeakable lengths to obtain her loot.'}",,,,
3k_main_ceo_node_career_historical_zhou_tai_01,"{'zh': '归正匪贼', 'en': 'Reformed Brigand'}","{'zh': '别让周泰曲折事迹或坚毅外表欺骗了你——他对主公向来是忠心耿耿。', 'en': ""Do not let Zhou Tai's chequered past and grim expression mislead you - he will serve his master with a fierce loyalty.""}",,,,
3k_main_ceo_node_career_historical_zhou_yu_01,"{'zh': '雅好音律', 'en': 'Melodic Strategist'}","{'zh': '「曲有误，周郎顾」', 'en': '""If there is a mistake in the tune, Zhou Yu will look up.""'}",,,,
3k_main_ceo_node_career_historical_zhu_fu,"{'zh': '无常太守', 'en': 'Inconstant Administrator'}","{'zh': '过去是怎么做的，如今无须照做！', 'en': 'Just because you did it one way in the past, is no reason to do it the same way now!'}",,,,
3k_main_ceo_node_career_historical_zhuge_jin_01,"{'zh': '饱读之士', 'en': 'Bookish Scholar'}","{'zh': '诸葛瑾少治诗书，可谓饱读之士', 'en': 'Having studied history and poetry in years past, Zhuge Jin is a man who appreciates scholarship.'}",,,,
3k_main_ceo_node_career_historical_zhuge_liang_01,"{'zh': '卧龙', 'en': 'Sleeping Dragon'}","{'zh': '诸葛亮权智英略，夷扫万险只在谈笑之间', 'en': 'A peerless genius and insightful strategist, there are few situations that Zhuge Liang’s astute intellect cannot overcome. '}",,,,
3k_ytr_ceo_node_career_heaven_astrologer,"{'zh': '星象家', 'en': 'Astrologer'}","{'zh': '天象的运动是对我们的指引，而此人便是能参透其中奥妙之人', 'en': 'The movement of the celestial bodies are there to guide us; this one has the talent to interpret them.'}",,,,
3k_ytr_ceo_node_career_heaven_monk,"{'zh': '道士', 'en': 'Monk'}","{'zh': '此人一心向道，寻求教化并教化世人', 'en': 'This one has given themselves fully to the Way, to become enlightened and to enlighten others.'}",,,,
3k_ytr_ceo_node_career_heaven_philosopher,"{'zh': '贤哲', 'en': 'Philosopher'}","{'zh': '此人深暗学识乃是解决困难的基石，其无惧未知的考验', 'en': 'This person understands that all knowledge is a stepping stone to greater questions and is unafraid to grapple with the unknown.'}",,,,
3k_ytr_ceo_node_career_heaven_sorcerer,"{'zh': '术士', 'en': 'Sorcerer'}","{'zh': '据说此人可与灵魂沟通，或是治愈他人，或是诅咒他人', 'en': 'It is whispered that this one can talk with the spirits to call upon their powers to heal, or if angered, curse others.'}",,,,
3k_ytr_ceo_node_career_heaven_writer,"{'zh': '文学家', 'en': 'Writer'}","{'zh': '文学大家叙事总能做到简明扼要', 'en': 'A good writer keeps things clear and succinct.'}",,,,
3k_ytr_ceo_node_career_land_brewer,"{'zh': '酿酒师', 'en': 'Brewer'}","{'zh': '天下不乏各种能工巧匠，而此人尤为高尚：以杜康佳酿解百姓之饥渴', 'en': 'China has many noble professions, but this person has chosen the noblest: to quench people’s thirst with beer.'}",,,,
3k_ytr_ceo_node_career_land_builder,"{'zh': '筑工', 'en': 'Builder'}","{'zh': '完成一座建筑不仅需要高超的技艺进行搭建，也需要靠远见和卓识来进行设计', 'en': 'Realising a building not only requires the technical skill to build, but the imagination to envision and design it.'}",,,,
3k_ytr_ceo_node_career_land_farmer,"{'zh': '农民', 'en': 'Farmer'}","{'zh': '世乱扰心，唯农静心', 'en': 'When life’s chaos threatens to overwhelm, this one takes to the field to clear their mind by working the land.'}",,,,
3k_ytr_ceo_node_career_land_jade_carver,"{'zh': '玉雕工', 'en': 'Jade Carver'}","{'zh': '玉载厚德，所言无声。经年细琢，方露大道。', 'en': 'Years of practice have given this one the precision and patience needed to carve jade.'}",,,,
3k_ytr_ceo_node_career_land_potter,"{'zh': '陶匠', 'en': 'Potter'}","{'zh': '「我这里什么都有，大碗、中碗、小碗。什么，酒杯？你真的不要上好的碗吗？」', 'en': '""I have everything - large bowls, small bowls, tiny bowls. A cup? Are you sure you wouldn’t rather have a nice bowl instead?""'}",,,,
3k_ytr_ceo_node_career_people_advisor,"{'zh': '谋士', 'en': 'Advisor'}","{'zh': '此人胸中有大才，有着寻常人所不及的独到见解，考虑事务也是面面俱到', 'en': 'This person possesses one of those invaluable minds that can quickly understand facts and consider the possibilities from all angles.'}",,,,
3k_ytr_ceo_node_career_people_entertainer,"{'zh': '歌者', 'en': 'Singer'}","{'zh': '此人歌咏，不仅抒意。纳髓己用，方悟大道。', 'en': 'When this one sings, they manage to carry the original intention of the music while imbuing it with something new.'}",,,,
3k_ytr_ceo_node_career_people_fortune_teller,"{'zh': '占卜师', 'en': 'Fortune-teller'}","{'zh': '「我可告知阁下日后的命数，只是无论好坏，万望阁下莫要怪罪。」', 'en': '""I can tell you your future, but I cannot guarantee whether or not you will be glad of what you hear.""'}",,,,
3k_ytr_ceo_node_career_people_musician,"{'zh': '乐师', 'en': 'Musician'}","{'zh': '此人奏乐之时，时间仿佛为之凝滞', 'en': 'When this one plays, the world pauses for a short while to listen.'}",,,,
3k_ytr_ceo_node_career_people_physician,"{'zh': '医师', 'en': 'Physician'}","{'zh': '此人深谙医术，能为人疏通经络、调理气血', 'en': 'When someone falls ill, they call on this person to unblock their Qi and restore balance.'}",,,,
ep_ceo_node_career_historical_gongsun_hong_01,"{'zh': '机警幕僚', 'en': 'Observant Advisor'}","{'zh': '司马玮的心腹密友；经常能注意到他人未能察觉之处', 'en': ""Sima Wei's confidante; often sees things that others do not""}",,,,
ep_ceo_node_career_historical_he_lun_01,"{'zh': '尽忠校尉', 'en': 'Loyal Officer'}","{'zh': '司马越之心，却不影响此人，此人仍是忠贞能干的幕僚', 'en': 'Although subordinate to Sima Yue, he is a loyal and capable advisor'}",,,,
ep_ceo_node_career_historical_huangfu_shang_01,"{'zh': '引导大师', 'en': 'Facilitator'}","{'zh': '与李含争斗多年，现投奔司马乂帐下，或战或贸，无论何地。', 'en': 'Has fought Li Han for years, now works on behalf of Sima Ai, fighting wars or making deals wherever needed'}",,,,
ep_ceo_node_career_historical_lu_ji_01,"{'zh': '知名学者', 'en': 'Renowned Scholar'}","{'zh': '此人文章冠世，以太康诗风闻名天下。然而他是否擅长统御尚不得而知', 'en': 'Famed thoughout the realm as a gifted writer and literary critic. However, his ability as a commander remains... questionable.'}",,,,
ep_ceo_node_career_historical_lu_zhi_01,"{'zh': '资深掮客', 'en': 'Skilled Mediator'}","{'zh': '司马颖亲近的幕僚，以其才能和忠诚闻名', 'en': ""Sima Ying's close advisor, known for being capable and loyal""}",,,,
ep_ceo_node_career_historical_princess_pei_01,"{'zh': '未雨绸缪', 'en': 'Insightful Survivalist'}","{'zh': '此人目光如炬，意志坚定', 'en': 'This one is gifted with insight and adamant perseverance.'}",,,,
ep_ceo_node_career_historical_qi_sheng_01,"{'zh': '机谋主簿', 'en': 'Cunning Clerk'}","{'zh': '于司马玮帐下担任副手与幕僚，其诡诈多端的洞察力使人带来胜利，抑或毁灭', 'en': 'Assistant and advisor to Sima Wei - his wily observations may direct one to glory or to ruin'}",,,,
ep_ceo_node_career_historical_shi_chao_01,"{'zh': '中护军', 'en': 'Central Army Protector'}","{'zh': '这位将才目睹朝代兴衰更迭，他也数次易主', 'en': 'A talented general who has seen dynasties fall as his loyalties shifted'}",,,,
ep_ceo_node_career_historical_sima_ai_01,"{'zh': '清正廉明', 'en': 'Principled Administrator'}","{'zh': '「在下不敢苟同，请参阅此书中第五小章，第九列……」', 'en': '""I am afraid I cannot allow that. You see, in sub-section five, paragraph nine...""'}",,,,
ep_ceo_node_career_historical_sima_cui_01,"{'zh': '玉雕工', 'en': 'Jade Carver'}","{'zh': '他是司马亮之子，由于没能世袭王位，他急切希望能证明自己的价值', 'en': ""Sima Liang's son. Not being titled as prince has given him a desire to prove his worth""}",,,,
ep_ceo_node_career_historical_sima_jiong_01,"{'zh': '独掌大权', 'en': 'Imperious Regent'}","{'zh': '「摄政如空气一般，看不见也感觉不到，但重要性丝毫不弱」', 'en': '""A regent is like air; unseen and barely felt, but vital all the same.""'}",,,,
ep_ceo_node_career_historical_sima_ju_01,"{'zh': '局外储君', 'en': 'Outsider Heir'}","{'zh': '他是司马亮的儿子和储君，虽然被视为局外人，但不可低估其实力', 'en': ""Sima Liang's son and heir, considered an outsider but not to be underestimated""}",,,,
ep_ceo_node_career_historical_sima_liang_01,"{'zh': '众望所归', 'en': 'Rightful Regent'}","{'zh': '名帝司马懿之子，一直隐于暗处，坐视晋朝江山祸乱渐起', 'en': 'Son of the legendary Sima Yi, he has watched the Jin dynasty scuffle in his shadow.'}",,,,
ep_ceo_node_career_historical_sima_lun_01,"{'zh': '篡逆之王', 'en': 'Usurper Prince'}","{'zh': '「晋王朝会在一位聪明而名副其实的天子手中延续；此人便是孤！」', 'en': '""The Jin dynasty will endure under a wise and deserving emperor - me!""'}",,,,
ep_ceo_node_career_historical_sima_wei_01,"{'zh': '狂烈悍将', 'en': 'Tempestuous General'}","{'zh': '他逞凶好斗是讹传，脾性暴躁倒是真性情', 'en': 'His reputation for belligerence is perhaps undeserved. Not so his famously short temper.'}",,,,
ep_ceo_node_career_historical_sima_ying_01,"{'zh': '万民景仰', 'en': 'Beloved Governor'}","{'zh': '尽管朝廷豺狼当道，但司马颖总是心系百姓', 'en': 'Madness may grip the court, but Sima Ying will always think of his people.'}",,,,
ep_ceo_node_career_historical_sima_yong_01,"{'zh': '精明卫士', 'en': 'Shrewd Defender'}","{'zh': '司马颙自感守护天子职责重大，他的忠诚无从动摇', 'en': 'Sima Yong has a duty to the emperor, and his loyalty will never waver.'}",,,,
ep_ceo_node_career_historical_sima_yue_01,"{'zh': '监察宇内', 'en': 'Imperial Overseer'}","{'zh': '「我们必须对一切进行监督，尤其是国家的重大事务」', 'en': '""There must be oversight in all things, especially important matters of state.""'}",,,,
ep_ceo_node_career_historical_sun_xiu_01,"{'zh': '通同结党', 'en': 'Partisan'}","{'zh': '「主公，关于此事，我有更具说服力的观点……」', 'en': '""If I may, my lord, I have a rather compelling argument...""'}",,,,
ep_ceo_node_career_historical_wang_bao_01,"{'zh': '勇毅传道', 'en': 'Steadfast Preacher'}","{'zh': '于司马冏摄政期间入朝为臣，生性顽固，口无遮拦，可能会为自己带来麻烦', 'en': ""Courtier of Sima Jiong's regency. Has strong beliefs and a loose tongue that may cause him trouble""}",,,,
ep_ceo_node_career_historical_wei_guan_01,"{'zh': '说客', 'en': 'Mediator'}","{'zh': '这个人知道如何把蛋糕分成每个人都认为自己分得最大的那一块', 'en': 'This person knows how to divide the cake in such a way that everyone believes they have the biggest slice.'}",,,,
ep_ceo_node_career_historical_zhang_fang_01,"{'zh': '坚定猛将', 'en': 'Uncompromising Warrior'}","{'zh': '当为主公而战时，张方并不会有引致百姓伤亡之类的顾虑', 'en': ""When fighting for his master, Zhang Fang is not known to concern himself with scruples like 'civilian casualties'""}",,,,
ep_ceo_node_career_historical_zhang_hua_01,"{'zh': '饱学多才', 'en': 'Academic'}","{'zh': '此人孜孜不倦，深晓经论', 'en': 'This one sees the value of institutionalised learning, and has embraced it.'}",,,,
